Time (ms),Gold Price,tanggal,hari_ke
1577952627000,771000,2020-01-02 08:10:27,0
1578040473000,775000,2020-01-03 08:34:33,1
1578123795000,783000,2020-01-04 07:43:15,2
1578299384000,792000,2020-01-06 08:29:44,3
1578385487000,793000,2020-01-07 08:24:47,4
1578473679000,808000,2020-01-08 08:54:39,5
1578559469000,791000,2020-01-09 08:44:29,6
1578644875000,786000,2020-01-10 08:27:55,7
1578732505000,789000,2020-01-11 08:48:25,8
1578903465000,787000,2020-01-13 08:17:45,9
1578990284000,776000,2020-01-14 08:24:44,10
1579077709000,776000,2020-01-15 08:41:49,11
1579162853000,781000,2020-01-16 08:20:53,12
1579248571000,777000,2020-01-17 08:09:31,13
1579340045000,779000,2020-01-18 09:34:05,14
1579509547000,778000,2020-01-20 08:39:07,15
1579595195000,780000,2020-01-21 08:26:35,16
1579681626000,778000,2020-01-22 08:27:06,17
1579768254000,781000,2020-01-23 08:30:54,18
1579852533000,777000,2020-01-24 07:55:33,19
1580113887000,783000,2020-01-27 08:31:27,20
1580200936000,783000,2020-01-28 08:42:16,21
1580286188000,780000,2020-01-29 08:23:08,22
1580372144000,783000,2020-01-30 08:15:44,23
1580458476000,783000,2020-01-31 08:14:36,24
1580547458000,790000,2020-02-01 08:57:38,25
1580683061000,790000,2020-02-02 22:37:41,26
1580719015000,788000,2020-02-03 08:36:55,27
1580805303000,787000,2020-02-04 08:35:03,28
1580891637000,780000,2020-02-05 08:33:57,29
1580978101000,779000,2020-02-06 08:35:01,30
1581061837000,781000,2020-02-07 07:50:37,31
1581323811000,784000,2020-02-10 08:36:51,32
1581410195000,785000,2020-02-11 08:36:35,33
1581495105000,783000,2020-02-12 08:11:45,34
1581581811000,783000,2020-02-13 08:16:51,35
1581667623000,786000,2020-02-14 08:07:03,36
1581748734000,789000,2020-02-15 06:38:54,37
1581846933000,789000,2020-02-16 09:55:33,38
1581929106000,788000,2020-02-17 08:45:06,39
1582014909000,788000,2020-02-18 08:35:09,40
1582100666000,792000,2020-02-19 08:24:26,41
1582188181000,797000,2020-02-20 08:43:01,42
1582273846000,802000,2020-02-21 08:30:46,43
1582353954000,813000,2020-02-22 06:45:54,44
1582440427000,813000,2020-02-23 06:47:07,45
1582534395000,818000,2020-02-24 08:53:15,46
1582564515000,828000,2020-02-24 17:15:15,47
1582621474000,818000,2020-02-25 09:04:34,48
1582705381000,817000,2020-02-26 08:23:01,49
1582792318000,822000,2020-02-27 08:31:58,50
1582878525000,825000,2020-02-28 08:28:45,51
1582966232000,815000,2020-02-29 08:50:32,52
1583103028000,815000,2020-03-01 22:50:28,53
1583139414000,819000,2020-03-02 08:56:54,54
1583224428000,824000,2020-03-03 08:33:48,55
1583311048000,836000,2020-03-04 08:37:28,56
1583397018000,831000,2020-03-05 08:30:18,57
1583481298000,846000,2020-03-06 07:54:58,58
1583564608000,851000,2020-03-07 07:03:28,59
1583742706000,860000,2020-03-09 08:31:46,60
1583829159000,851000,2020-03-10 08:32:39,61
1583915388000,848000,2020-03-11 08:29:48,62
1584001942000,840000,2020-03-12 08:32:22,63
1584086926000,821000,2020-03-13 08:08:46,64
1584165965000,818000,2020-03-14 06:06:05,65
1584256346000,818000,2020-03-15 07:12:26,66
1584347653000,828000,2020-03-16 08:34:13,67
1584433786000,810000,2020-03-17 08:29:46,68
1584520258000,835000,2020-03-18 08:30:58,69
1584606584000,823000,2020-03-19 08:29:44,70
1584691099000,833000,2020-03-20 07:58:19,71
1584713938000,868000,2020-03-20 14:18:58,72
1584777167000,879000,2020-03-21 07:52:47,73
1584863654000,879000,2020-03-22 07:54:14,74
1584953395000,870000,2020-03-23 08:49:55,75
1584966959000,900000,2020-03-23 12:35:59,76
1585040824000,928000,2020-03-24 09:07:04,77
1585212717000,933000,2020-03-26 08:51:57,78
1585297734000,933000,2020-03-27 08:28:54,79
1585556479000,935000,2020-03-30 08:21:19,80
1585642747000,933000,2020-03-31 08:19:07,81
1585728619000,920000,2020-04-01 08:10:19,82
1585816234000,927000,2020-04-02 08:30:34,83
1585902458000,953000,2020-04-03 08:27:38,84
1585988810000,943000,2020-04-04 08:26:50,85
1586162302000,940000,2020-04-06 08:38:22,86
1586248347000,972000,2020-04-07 08:32:27,87
1586333459000,955000,2020-04-08 08:10:59,88
1586420112000,947000,2020-04-09 08:15:12,89
1586598276000,960000,2020-04-11 09:44:36,90
1586766112000,961000,2020-04-13 08:21:52,91
1586851856000,957000,2020-04-14 08:10:56,92
1586939245000,952000,2020-04-15 08:27:25,93
1587027923000,948000,2020-04-16 09:05:23,94
1587111767000,951000,2020-04-17 08:22:47,95
1587199510000,936000,2020-04-18 08:45:10,96
1587372259000,926000,2020-04-20 08:44:19,97
1587460185000,933000,2020-04-21 09:09:45,98
1587544619000,937000,2020-04-22 08:36:59,99
1587630444000,943000,2020-04-23 08:27:24,100
1587717666000,953000,2020-04-24 08:41:06,101
1587805617000,952000,2020-04-25 09:06:57,102
1587974594000,948000,2020-04-27 08:03:14,103
1588062912000,944000,2020-04-28 08:35:12,104
1588148240000,937000,2020-04-29 08:17:20,105
1588234685000,937000,2020-04-30 08:18:05,106
1588409101000,925000,2020-05-02 08:45:01,107
1588581253000,923000,2020-05-04 08:34:13,108
1588666534000,922000,2020-05-05 08:15:34,109
1588753380000,922000,2020-05-06 08:23:00,110
1588926768000,927000,2020-05-08 08:32:48,111
1589013435000,920000,2020-05-09 08:37:15,112
1589187290000,920000,2020-05-11 08:54:50,113
1589273435000,912000,2020-05-12 08:50:35,114
1589357625000,917000,2020-05-13 08:13:45,115
1589444272000,919000,2020-05-14 08:17:52,116
1589531125000,926000,2020-05-15 08:25:25,117
1589619438000,928000,2020-05-16 08:57:18,118
1589791108000,934000,2020-05-18 08:38:28,119
1589876896000,924000,2020-05-19 08:28:16,120
1589962998000,926000,2020-05-20 08:23:18,121
1590135872000,916000,2020-05-22 08:24:32,122
1590483612000,917000,2020-05-26 09:00:12,123
1590567582000,909000,2020-05-27 08:19:42,124
1590654935000,908000,2020-05-28 08:35:35,125
1590740835000,913000,2020-05-29 08:27:15,126
1590827638000,914000,2020-05-30 08:33:58,127
1591087610000,920000,2020-06-02 08:46:50,128
1591172758000,904000,2020-06-03 08:25:58,129
1591259216000,887000,2020-06-04 08:26:56,130
1591346473000,888000,2020-06-05 08:41:13,131
1591433711000,876000,2020-06-06 08:55:11,132
1591604091000,876000,2020-06-08 08:14:51,133
1591690500000,875000,2020-06-09 08:15:00,134
1591779018000,881000,2020-06-10 08:50:18,135
1591865224000,893000,2020-06-11 08:47:04,136
1591950716000,886000,2020-06-12 08:31:56,137
1592037685000,900000,2020-06-13 08:41:25,138
1592210200000,902000,2020-06-15 08:36:40,139
1592296385000,898000,2020-06-16 08:33:05,140
1592383704000,895000,2020-06-17 08:48:24,141
1592469023000,900000,2020-06-18 08:30:23,142
1592555818000,895000,2020-06-19 08:36:58,143
1592640060000,905000,2020-06-20 08:01:00,144
1592735690000,905000,2020-06-21 10:34:50,145
1592814266000,907000,2020-06-22 08:24:26,146
1592900776000,908000,2020-06-23 08:26:16,147
1592988046000,916000,2020-06-24 08:40:46,148
1593075168000,907000,2020-06-25 08:52:48,149
1593161810000,910000,2020-06-26 08:56:50,150
1593244577000,912000,2020-06-27 07:56:17,151
1593326016000,912000,2020-06-28 06:33:36,152
1593420244000,911000,2020-06-29 08:44:04,153
1593506166000,918000,2020-06-30 08:36:06,154
1593592591000,919000,2020-07-01 08:36:31,155
1593678269000,915000,2020-07-02 08:24:29,156
1593765800000,928000,2020-07-03 08:43:20,157
1593854125000,930000,2020-07-04 09:15:25,158
1593936225000,930000,2020-07-05 08:03:45,159
1594025001000,931000,2020-07-06 08:43:21,160
1594110806000,934000,2020-07-07 08:33:26,161
1594196962000,934000,2020-07-08 08:29:22,162
1594283182000,940000,2020-07-09 08:26:22,163
1594370884000,937000,2020-07-10 08:48:04,164
1594455129000,937000,2020-07-11 08:12:09,165
1594628314000,938000,2020-07-13 08:18:34,166
1594714792000,938000,2020-07-14 08:19:52,167
1594801410000,942000,2020-07-15 08:23:30,168
1594890443000,949000,2020-07-16 09:07:23,169
1594975867000,944000,2020-07-17 08:51:07,170
1595061011000,956000,2020-07-18 08:30:11,171
1595138325000,956000,2020-07-19 05:58:45,172
1595233775000,956000,2020-07-20 08:29:35,173
1595320774000,963000,2020-07-21 08:39:34,174
1595407893000,982000,2020-07-22 08:51:33,175
1595492967000,977000,2020-07-23 08:29:27,176
1595580019000,984000,2020-07-24 08:40:19,177
1595665701000,989000,2020-07-25 08:28:21,178
1595755970000,989000,2020-07-26 09:32:50,179
1595838345000,997000,2020-07-27 08:25:45,180
1595926067000,1022000,2020-07-28 08:47:47,181
1595938920000,1013000,2020-07-28 12:22:00,182
1596011206000,1013000,2020-07-29 08:26:46,183
1596097602000,1016000,2020-07-30 08:26:42,184
1596271816000,1028000,2020-08-01 08:50:16,185
1596443372000,1028000,2020-08-03 08:29:32,186
1596529792000,1029000,2020-08-04 08:29:52,187
1596617294000,1048000,2020-08-05 08:48:14,188
1596702630000,1054000,2020-08-06 08:30:30,189
1596791984000,1065000,2020-08-07 09:19:44,190
1596875354000,1055000,2020-08-08 08:29:14,191
1596954702000,1055000,2020-08-09 06:31:42,192
1597048190000,1054000,2020-08-10 08:29:50,193
1597134459000,1056000,2020-08-11 08:27:39,194
1597224718000,1026000,2020-08-12 09:31:58,195
1597307567000,1028000,2020-08-13 08:32:47,196
1597394304000,1040000,2020-08-14 08:38:24,197
1597480902000,1035000,2020-08-15 08:41:42,198
1597557257000,1035000,2020-08-16 05:54:17,199
1597651666000,1030000,2020-08-17 08:07:46,200
1597741190000,1050000,2020-08-18 08:59:50,201
1597827033000,1058000,2020-08-19 08:50:33,202
1597912654000,1030000,2020-08-20 08:37:34,203
1597997621000,1031000,2020-08-21 08:13:41,204
1598086093000,1027000,2020-08-22 08:48:13,205
1598165726000,1027000,2020-08-23 06:55:26,206
1598257913000,1023000,2020-08-24 08:31:53,207
1598344533000,1021000,2020-08-25 08:35:33,208
1598431375000,1011000,2020-08-26 08:42:55,209
1598516575000,1019000,2020-08-27 08:22:55,210
1598603038000,1012000,2020-08-28 08:23:58,211
1598691406000,1027000,2020-08-29 08:56:46,212
1598784248000,1027000,2020-08-30 10:44:08,213
1598863524000,1030000,2020-08-31 08:45:24,214
1598948882000,1020000,2020-09-01 08:28:02,215
1598962991000,1026000,2020-09-01 12:23:11,216
1599035945000,1024000,2020-09-02 08:39:05,217
1599121443000,1024000,2020-09-03 08:24:03,218
1599209576000,1021000,2020-09-04 08:52:56,219
1599294365000,1020000,2020-09-05 08:26:05,220
1599380776000,1020000,2020-09-06 08:26:16,221
1599467157000,1020000,2020-09-07 08:25:57,222
1599553716000,1015000,2020-09-08 08:28:36,223
1599640823000,1017000,2020-09-09 08:40:23,224
1599724953000,1027000,2020-09-10 08:02:33,225
1599813603000,1028000,2020-09-11 08:40:03,226
1599900001000,1031000,2020-09-12 08:40:01,227
1599984438000,1031000,2020-09-13 08:07:18,228
1600072196000,1031000,2020-09-14 08:29:56,229
1600157850000,1037000,2020-09-15 08:17:30,230
1600246397000,1030000,2020-09-16 08:53:17,231
1600330667000,1030000,2020-09-17 08:17:47,232
1600418247000,1030000,2020-09-18 08:37:27,233
1600504582000,1023000,2020-09-19 08:36:22,234
1600598566000,1023000,2020-09-20 10:42:46,235
1600676234000,1024000,2020-09-21 08:17:14,236
1600762955000,1009000,2020-09-22 08:22:35,237
1600848781000,1007000,2020-09-23 08:13:01,238
1600868588000,1007000,2020-09-23 13:43:08,239
1600937076000,1002000,2020-09-24 08:44:36,240
1601022688000,1009000,2020-09-25 08:31:28,241
1601109510000,1006000,2020-09-26 08:38:30,242
1601190320000,1006000,2020-09-27 07:05:20,243
1601281232000,1006000,2020-09-28 08:20:32,244
1601367790000,1014000,2020-09-29 08:23:10,245
1601454100000,1016000,2020-09-30 08:21:40,246
1601539499000,1013000,2020-10-01 08:04:59,247
1601627119000,1015000,2020-10-02 08:25:19,248
1601713556000,1014000,2020-10-03 08:25:56,249
1601803749000,1014000,2020-10-04 09:29:09,250
1601886473000,1015000,2020-10-05 08:27:53,251
1601972534000,1017000,2020-10-06 08:22:14,252
1602058722000,999000,2020-10-07 08:18:42,253
1602145494000,1004000,2020-10-08 08:24:54,254
1602230835000,1007000,2020-10-09 08:07:15,255
1602319211000,1019000,2020-10-10 08:40:11,256
1602400300000,1019000,2020-10-11 07:11:40,257
1602490874000,1017000,2020-10-12 08:21:14,258
1602577509000,1015000,2020-10-13 08:25:09,259
1602663039000,1007000,2020-10-14 08:10:39,260
1602750323000,1009000,2020-10-15 08:25:23,261
1602835930000,1011000,2020-10-16 08:12:10,262
1602921949000,1008000,2020-10-17 08:05:49,263
1603006651000,1008000,2020-10-18 07:37:31,264
1603095456000,1008000,2020-10-19 08:17:36,265
1603181356000,1008000,2020-10-20 08:09:16,266
1603268876000,1012000,2020-10-21 08:27:56,267
1603354349000,1011000,2020-10-22 08:12:29,268
1603440791000,1007000,2020-10-23 08:13:11,269
1603528031000,1008000,2020-10-24 08:27:11,270
1603607520000,1008000,2020-10-25 06:32:00,271
1603700709000,1007000,2020-10-26 08:25:09,272
1603787119000,1007000,2020-10-27 08:25:19,273
1603873368000,1007000,2020-10-28 08:22:48,274
1603959924000,995000,2020-10-29 08:25:24,275
1604046358000,992000,2020-10-30 08:25:58,276
1604134139000,996000,2020-10-31 08:48:59,277
1604217574000,996000,2020-11-01 07:59:34,278
1604306172000,994000,2020-11-02 08:36:12,279
1604391496000,1004000,2020-11-03 08:18:16,280
1604478594000,1004000,2020-11-04 08:29:54,281
1604564721000,1000000,2020-11-05 08:25:21,282
1604650618000,1009000,2020-11-06 08:16:58,283
1604738727000,1004000,2020-11-07 08:45:27,284
1604816254000,1004000,2020-11-08 06:17:34,285
1604910316000,1006000,2020-11-09 08:25:16,286
1604997198000,972000,2020-11-10 08:33:18,287
1605082675000,970000,2020-11-11 08:17:55,288
1605168861000,968000,2020-11-12 08:14:21,289
1605255256000,978000,2020-11-13 08:14:16,290
1605340773000,985000,2020-11-14 07:59:33,291
1605418386000,985000,2020-11-15 05:33:06,292
1605514341000,985000,2020-11-16 08:12:21,293
1605601453000,980000,2020-11-17 08:24:13,294
1605687594000,975000,2020-11-18 08:19:54,295
1605773827000,973000,2020-11-19 08:17:07,296
1605862029000,973000,2020-11-20 08:47:09,297
1605948013000,977000,2020-11-21 08:40:13,298
1606035584000,977000,2020-11-22 08:59:44,299
1606121643000,977000,2020-11-23 08:54:03,300
1606206942000,961000,2020-11-24 08:35:42,301
1606292956000,953000,2020-11-25 08:29:16,302
1606378283000,953000,2020-11-26 08:11:23,303
1606465951000,951000,2020-11-27 08:32:31,304
1606552004000,942000,2020-11-28 08:26:44,305
1606631681000,942000,2020-11-29 06:34:41,306
1606725526000,942000,2020-11-30 08:38:46,307
1606811348000,938000,2020-12-01 08:29:08,308
1606897405000,952000,2020-12-02 08:23:25,309
1606986745000,957000,2020-12-03 09:12:25,310
1607069362000,961000,2020-12-04 08:09:22,311
1607156134000,960000,2020-12-05 08:15:34,312
1607236586000,960000,2020-12-06 06:36:26,313
1607330789000,959000,2020-12-07 08:46:29,314
1607416359000,966000,2020-12-08 08:32:39,315
1607588107000,956000,2020-12-10 08:15:07,316
1607675630000,954000,2020-12-11 08:33:50,317
1607758972000,954000,2020-12-12 07:42:52,318
1607841353000,954000,2020-12-13 06:35:53,319
1607934260000,952000,2020-12-14 08:24:20,320
1608020225000,951000,2020-12-15 08:17:05,321
1608107165000,962000,2020-12-16 08:26:05,322
1608193386000,965000,2020-12-17 08:23:06,323
1608279855000,972000,2020-12-18 08:24:15,324
1608366576000,970000,2020-12-19 08:29:36,325
1608446198000,970000,2020-12-20 06:36:38,326
1608540701000,976000,2020-12-21 08:51:41,327
1608626169000,970000,2020-12-22 08:36:09,328
1608713194000,966000,2020-12-23 08:46:34,329
1608799869000,971000,2020-12-24 08:51:09,330
1608884396000,973000,2020-12-25 08:19:56,331
1608973058000,973000,2020-12-26 08:57:38,332
1609051331000,973000,2020-12-27 06:42:11,333
1609145174000,977000,2020-12-28 08:46:14,334
1609231798000,967000,2020-12-29 08:49:58,335
1609317271000,965000,2020-12-30 08:34:31,336
1609576057000,969000,2021-01-02 08:27:37,337
1609748886000,975000,2021-01-04 08:28:06,338
1609835352000,975000,2021-01-05 08:29:12,339
1609922300000,981000,2021-01-06 08:38:20,340
1610009094000,971000,2021-01-07 08:44:54,341
1610094742000,969000,2021-01-08 08:32:22,342
1610180148000,954000,2021-01-09 08:15:48,343
1610261620000,954000,2021-01-10 06:53:40,344
1610353821000,952000,2021-01-11 08:30:21,345
1610439538000,957000,2021-01-12 08:18:58,346
1610526188000,965000,2021-01-13 08:23:08,347
1610612498000,955000,2021-01-14 08:21:38,348
1610700198000,956000,2021-01-15 08:43:18,349
1610785307000,948000,2021-01-16 08:21:47,350
1610877489000,948000,2021-01-17 09:58:09,351
1610958058000,944000,2021-01-18 08:20:58,352
1611044095000,952000,2021-01-19 08:14:55,353
1611131120000,954000,2021-01-20 08:25:20,354
1611217933000,963000,2021-01-21 08:32:13,355
1611304074000,961000,2021-01-22 08:27:54,356
1611391762000,957000,2021-01-23 08:49:22,357
1611563260000,958000,2021-01-25 08:27:40,358
1611649398000,958000,2021-01-26 08:23:18,359
1611736914000,956000,2021-01-27 08:41:54,360
1611821491000,952000,2021-01-28 08:11:31,361
1611908129000,954000,2021-01-29 08:15:29,362
1611995599000,954000,2021-01-30 08:33:19,363
1612167553000,955000,2021-02-01 08:19:13,364
1612254910000,954000,2021-02-02 08:35:10,365
1612340883000,947000,2021-02-03 08:28:03,366
1612426920000,943000,2021-02-04 08:22:00,367
1612512903000,930000,2021-02-05 08:15:03,368
1612600022000,940000,2021-02-06 08:27:02,369
1612773632000,940000,2021-02-08 08:40:32,370
1612860371000,943000,2021-02-09 08:46:11,371
1612945947000,945000,2021-02-10 08:32:27,372
1613031789000,945000,2021-02-11 08:23:09,373
1613206366000,940000,2021-02-13 08:52:46,374
1613378575000,940000,2021-02-15 08:42:55,375
1613464545000,935000,2021-02-16 08:35:45,376
1613550215000,922000,2021-02-17 08:23:35,377
1613637820000,925000,2021-02-18 08:43:40,378
1613723283000,923000,2021-02-19 08:28:03,379
1613810253000,930000,2021-02-20 08:37:33,380
1613890766000,930000,2021-02-21 06:59:26,381
1613983134000,930000,2021-02-22 08:38:54,382
1614069274000,938000,2021-02-23 08:34:34,383
1614156439000,938000,2021-02-24 08:47:19,384
1614241331000,934000,2021-02-25 08:22:11,385
1614327764000,922000,2021-02-26 08:22:44,386
1614415176000,917000,2021-02-27 08:39:36,387
1614496418000,917000,2021-02-28 07:13:38,388
1614587357000,923000,2021-03-01 08:29:17,389
1614674049000,923000,2021-03-02 08:34:09,390
1614759419000,928000,2021-03-03 08:16:59,391
1614847014000,923000,2021-03-04 08:36:54,392
1614932882000,918000,2021-03-05 08:28:02,393
1615020192000,923000,2021-03-06 08:43:12,394
1615106711000,923000,2021-03-07 08:45:11,395
1615191862000,924000,2021-03-08 08:24:22,396
1615278708000,915000,2021-03-09 08:31:48,397
1615365259000,930000,2021-03-10 08:34:19,398
1615450881000,930000,2021-03-11 08:21:21,399
1615537420000,929000,2021-03-12 08:23:40,400
1615623552000,926000,2021-03-13 08:19:12,401
1615795569000,924000,2021-03-15 08:06:09,402
1615883814000,927000,2021-03-16 08:36:54,403
1615969652000,927000,2021-03-17 08:27:32,404
1616057992000,935000,2021-03-18 08:59:52,405
1616141627000,925000,2021-03-19 08:13:47,406
1616229869000,934000,2021-03-20 08:44:29,407
1616317129000,934000,2021-03-21 08:58:49,408
1616402092000,931000,2021-03-22 08:34:52,409
1616487448000,929000,2021-03-23 08:17:28,410
1616573566000,921000,2021-03-24 08:12:46,411
1616661461000,924000,2021-03-25 08:37:41,412
1616746840000,921000,2021-03-26 08:20:40,413
1616834822000,922000,2021-03-27 08:47:02,414
1616917495000,922000,2021-03-28 07:44:55,415
1617006433000,921000,2021-03-29 08:27:13,416
1617093909000,911000,2021-03-30 08:45:09,417
1617178980000,903000,2021-03-31 08:23:00,418
1617265609000,913000,2021-04-01 08:26:49,419
1617352189000,922000,2021-04-02 08:29:49,420
1617438392000,922000,2021-04-03 08:26:32,421
1617517960000,922000,2021-04-04 06:32:40,422
1617609664000,921000,2021-04-05 08:01:04,423
1617697296000,920000,2021-04-06 08:21:36,424
1617784025000,924000,2021-04-07 08:27:05,425
1617869993000,922000,2021-04-08 08:19:53,426
1617956812000,931000,2021-04-09 08:26:52,427
1618044709000,927000,2021-04-10 08:51:49,428
1618128323000,927000,2021-04-11 08:05:23,429
1618215644000,926000,2021-04-12 08:20:44,430
1618302516000,924000,2021-04-13 08:28:36,431
1618390969000,930000,2021-04-14 09:02:49,432
1618474944000,925000,2021-04-15 08:22:24,433
1618562118000,935000,2021-04-16 08:35:18,434
1618648837000,937000,2021-04-17 08:40:37,435
1618734762000,937000,2021-04-18 08:32:42,436
1618821157000,939000,2021-04-19 08:32:37,437
1618907448000,933000,2021-04-20 08:30:48,438
1618994133000,932000,2021-04-21 08:35:33,439
1619080164000,940000,2021-04-22 08:29:24,440
1619165888000,935000,2021-04-23 08:18:08,441
1619253770000,933000,2021-04-24 08:42:50,442
1619340492000,933000,2021-04-25 08:48:12,443
1619425591000,933000,2021-04-26 08:26:31,444
1619511742000,930000,2021-04-27 08:22:22,445
1619598143000,926000,2021-04-28 08:22:23,446
1619684487000,931000,2021-04-29 08:21:27,447
1619770892000,922000,2021-04-30 08:21:32,448
1619857899000,921000,2021-05-01 08:31:39,449
1619945245000,921000,2021-05-02 08:47:25,450
1620029859000,921000,2021-05-03 08:17:39,451
1620116341000,930000,2021-05-04 08:19:01,452
1620203886000,922000,2021-05-05 08:38:06,453
1620290519000,926000,2021-05-06 08:41:59,454
1620376920000,934000,2021-05-07 08:42:00,455
1620463091000,937000,2021-05-08 08:38:11,456
1620635170000,937000,2021-05-10 08:26:10,457
1620722142000,933000,2021-05-11 08:35:42,458
1621240832000,937000,2021-05-17 08:40:32,459
1621326977000,947000,2021-05-18 08:36:17,460
1621410868000,948000,2021-05-19 07:54:28,461
1621496679000,947000,2021-05-20 07:44:39,462
1621583706000,957000,2021-05-21 07:55:06,463
1621670702000,958000,2021-05-22 08:05:02,464
1621755405000,958000,2021-05-23 07:36:45,465
1621843092000,959000,2021-05-24 07:58:12,466
1621929405000,955000,2021-05-25 07:56:45,467
1622102419000,962000,2021-05-27 08:00:19,468
1622189646000,962000,2021-05-28 08:14:06,469
1622274827000,965000,2021-05-29 07:53:47,470
1622367641000,965000,2021-05-30 09:40:41,471
1622449146000,965000,2021-05-31 08:19:06,472
1622620425000,961000,2021-06-02 07:53:45,473
1622707348000,964000,2021-06-03 08:02:28,474
1622793511000,949000,2021-06-04 07:58:31,475
1622879910000,960000,2021-06-05 07:58:30,476
1622964875000,960000,2021-06-06 07:34:35,477
1623053236000,959000,2021-06-07 08:07:16,478
1623139938000,960000,2021-06-08 08:12:18,479
1623225752000,957000,2021-06-09 08:02:32,480
1623311509000,954000,2021-06-10 07:51:49,481
1623398224000,957000,2021-06-11 07:57:04,482
1623485636000,948000,2021-06-12 08:13:56,483
1623574337000,948000,2021-06-13 08:52:17,484
1623656879000,945000,2021-06-14 07:47:59,485
1623744111000,943000,2021-06-15 08:01:51,486
1623829857000,940000,2021-06-16 07:50:57,487
1623916480000,928000,2021-06-17 07:54:40,488
1624003512000,920000,2021-06-18 08:05:12,489
1624089273000,920000,2021-06-19 07:54:33,490
1624176796000,920000,2021-06-20 08:13:16,491
1624261895000,923000,2021-06-21 07:51:35,492
1624347977000,932000,2021-06-22 07:46:17,493
1624434813000,930000,2021-06-23 07:53:33,494
1624520945000,932000,2021-06-24 07:49:05,495
1624607799000,932000,2021-06-25 07:56:39,496
1624694084000,934000,2021-06-26 07:54:44,497
1624787666000,934000,2021-06-27 09:54:26,498
1624866828000,933000,2021-06-28 07:53:48,499
1624953362000,932000,2021-06-29 07:56:02,500
1625039515000,927000,2021-06-30 07:51:55,501
1625126469000,932000,2021-07-01 08:01:09,502
1625212655000,935000,2021-07-02 07:57:35,503
1625299688000,942000,2021-07-03 08:08:08,504
1625388465000,942000,2021-07-04 08:47:45,505
1625470954000,941000,2021-07-05 07:42:34,506
1625557881000,939000,2021-07-06 07:51:21,507
1625643693000,940000,2021-07-07 07:41:33,508
1625730966000,945000,2021-07-08 07:56:06,509
1625817513000,947000,2021-07-09 07:58:33,510
1625903626000,950000,2021-07-10 07:53:46,511
1626077165000,950000,2021-07-12 08:06:05,512
1626162865000,946000,2021-07-13 07:54:25,513
1626249693000,945000,2021-07-14 08:01:33,514
1626338392000,953000,2021-07-15 08:39:52,515
1626421873000,956000,2021-07-16 07:51:13,516
1626509543000,949000,2021-07-17 08:12:23,517
1626681854000,950000,2021-07-19 08:04:14,518
1626854312000,947000,2021-07-21 07:58:32,519
1626940458000,946000,2021-07-22 07:54:18,520
1627027131000,946000,2021-07-23 07:58:51,521
1627112506000,943000,2021-07-24 07:41:46,522
1627285440000,942000,2021-07-26 07:44:00,523
1627372321000,940000,2021-07-27 07:52:01,524
1627458539000,940000,2021-07-28 07:48:59,525
1627545330000,945000,2021-07-29 07:55:30,526
1627631292000,953000,2021-07-30 07:48:12,527
1627718359000,948000,2021-07-31 07:59:19,528
1627890584000,948000,2021-08-02 07:49:44,529
1627977680000,948000,2021-08-03 08:01:20,530
1628063389000,943000,2021-08-04 07:49:49,531
1628150771000,941000,2021-08-05 08:06:11,532
1628237143000,939000,2021-08-06 08:05:43,533
1628323611000,931000,2021-08-07 08:06:51,534
1628496180000,921000,2021-08-09 08:03:00,535
1628582194000,925000,2021-08-10 07:56:34,536
1628754723000,932000,2021-08-12 07:52:03,537
1628840506000,932000,2021-08-13 07:41:46,538
1628927418000,942000,2021-08-14 07:50:18,539
1629100600000,942000,2021-08-16 07:56:40,540
1629273828000,946000,2021-08-18 08:03:48,541
1629359893000,947000,2021-08-19 07:58:13,542
1629446121000,946000,2021-08-20 07:55:21,543
1629532251000,948000,2021-08-21 07:50:51,544
1629705685000,946000,2021-08-23 08:01:25,545
1629791804000,953000,2021-08-24 07:56:44,546
1629877981000,950000,2021-08-25 07:53:01,547
1629964154000,942000,2021-08-26 07:49:14,548
1630051650000,942000,2021-08-27 08:07:30,549
1630138829000,951000,2021-08-28 08:20:29,550
1630233859000,951000,2021-08-29 10:44:19,551
1630309974000,951000,2021-08-30 07:52:54,552
1630396654000,944000,2021-08-31 07:57:34,553
1630483855000,941000,2021-09-01 08:10:55,554
1630569334000,939000,2021-09-02 07:55:34,555
1630655422000,937000,2021-09-03 07:50:22,556
1630742957000,943000,2021-09-04 08:09:17,557
1630831578000,943000,2021-09-05 08:46:18,558
1630915285000,942000,2021-09-06 08:01:25,559
1631001202000,940000,2021-09-07 07:53:22,560
1631088501000,928000,2021-09-08 08:08:21,561
1631174606000,930000,2021-09-09 08:03:26,562
1631261110000,934000,2021-09-10 08:05:10,563
1631347724000,929000,2021-09-11 08:08:44,564
1631433181000,929000,2021-09-12 07:53:01,565
1631520237000,929000,2021-09-13 08:03:57,566
1631606460000,932000,2021-09-14 08:01:00,567
1631695059000,936000,2021-09-15 08:37:39,568
1631781460000,932000,2021-09-16 08:37:40,569
1631867246000,918000,2021-09-17 08:27:26,570
1631952339000,918000,2021-09-18 08:05:39,571
1632034585000,918000,2021-09-19 06:56:25,572
1632125194000,917000,2021-09-20 08:06:34,573
1632211564000,922000,2021-09-21 08:06:04,574
1632297377000,926000,2021-09-22 07:56:17,575
1632384537000,924000,2021-09-23 08:08:57,576
1632470998000,917000,2021-09-24 08:09:58,577
1632556980000,918000,2021-09-25 08:03:00,578
1632637933000,918000,2021-09-26 06:32:13,579
1632730311000,918000,2021-09-27 08:11:51,580
1632816720000,918000,2021-09-28 08:12:00,581
1632902085000,913000,2021-09-29 07:54:45,582
1632989825000,913000,2021-09-30 08:17:05,583
1633075544000,922000,2021-10-01 08:05:44,584
1633162708000,923000,2021-10-02 08:18:28,585
1633245664000,923000,2021-10-03 07:21:04,586
1633334915000,924000,2021-10-04 08:08:35,587
1633420718000,922000,2021-10-05 07:58:38,588
1633507227000,917000,2021-10-06 08:00:27,589
1633593872000,918000,2021-10-07 08:04:32,590
1633681271000,914000,2021-10-08 08:21:11,591
1633766763000,914000,2021-10-09 08:06:03,592
1633854306000,914000,2021-10-10 08:25:06,593
1633939547000,914000,2021-10-11 08:05:47,594
1634025371000,912000,2021-10-12 07:56:11,595
1634111780000,916000,2021-10-13 07:56:20,596
1634198767000,928000,2021-10-14 08:06:07,597
1634285152000,926000,2021-10-15 08:05:52,598
1634371506000,914000,2021-10-16 08:05:06,599
1634457234000,914000,2021-10-17 07:53:54,600
1634544241000,915000,2021-10-18 08:04:01,601
1634630512000,915000,2021-10-19 08:01:52,602
1634717797000,916000,2021-10-20 08:16:37,603
1634803981000,921000,2021-10-21 08:13:01,604
1634890141000,925000,2021-10-22 08:09:01,605
1634975591000,928000,2021-10-23 07:53:11,606
1635063793000,928000,2021-10-24 08:23:13,607
1635149115000,929000,2021-10-25 08:05:15,608
1635235786000,934000,2021-10-26 08:09:46,609
1635321705000,929000,2021-10-27 08:01:45,610
1635408450000,930000,2021-10-28 08:07:30,611
1635495050000,931000,2021-10-29 08:10:50,612
1635580863000,925000,2021-10-30 08:01:03,613
1635668035000,925000,2021-10-31 08:13:55,614
1635754113000,924000,2021-11-01 08:08:33,615
1635840054000,930000,2021-11-02 08:00:54,616
1635926952000,929000,2021-11-03 08:09:12,617
1636013383000,927000,2021-11-04 08:09:43,618
1636100106000,934000,2021-11-05 08:15:06,619
1636186020000,946000,2021-11-06 08:07:00,620
1636273800000,946000,2021-11-07 08:30:00,621
1636359871000,945000,2021-11-08 08:24:31,622
1636444477000,943000,2021-11-09 07:54:37,623
1636531806000,943000,2021-11-10 08:10:06,624
1636617431000,951000,2021-11-11 07:57:11,625
1636704765000,956000,2021-11-12 08:12:45,626
1636791429000,955000,2021-11-13 08:17:09,627
1636877224000,955000,2021-11-14 08:07:04,628
1636964206000,955000,2021-11-15 08:16:46,629
1637048821000,952000,2021-11-16 07:47:01,630
1637136252000,948000,2021-11-17 08:04:12,631
1637223472000,956000,2021-11-18 08:17:52,632
1637308925000,953000,2021-11-19 08:02:05,633
1637395627000,947000,2021-11-20 08:07:07,634
1637476277000,947000,2021-11-21 06:31:17,635
1637567878000,947000,2021-11-22 07:57:58,636
1637654869000,935000,2021-11-23 08:07:49,637
1637741413000,929000,2021-11-24 08:10:13,638
1637827446000,929000,2021-11-25 08:04:06,639
1637914049000,930000,2021-11-26 08:07:29,640
1638000018000,929000,2021-11-27 08:00:18,641
1638080755000,929000,2021-11-28 06:25:55,642
1638173331000,930000,2021-11-29 08:08:51,643
1638259878000,930000,2021-11-30 08:11:18,644
1638346010000,925000,2021-12-01 08:06:50,645
1638432432000,929000,2021-12-02 08:07:12,646
1638519794000,926000,2021-12-03 08:23:14,647
1638606502000,932000,2021-12-04 08:28:22,648
1638687743000,932000,2021-12-05 07:02:23,649
1638778526000,932000,2021-12-06 08:15:26,650
1638865044000,933000,2021-12-07 08:17:24,651
1638951162000,933000,2021-12-08 08:12:42,652
1639037362000,930000,2021-12-09 08:09:22,653
1639123672000,927000,2021-12-10 08:07:52,654
1639210219000,930000,2021-12-11 08:10:19,655
1639289303000,930000,2021-12-12 06:08:23,656
1639382859000,930000,2021-12-13 08:07:39,657
1639470206000,929000,2021-12-14 08:23:26,658
1639555476000,924000,2021-12-15 08:04:36,659
1639641569000,927000,2021-12-16 07:59:29,660
1639728756000,934000,2021-12-17 08:12:36,661
1639814575000,934000,2021-12-18 08:02:55,662
1639894205000,934000,2021-12-19 06:10:05,663
1639987243000,935000,2021-12-20 08:00:43,664
1640073939000,934000,2021-12-21 08:05:39,665
1640160001000,931000,2021-12-22 08:00:01,666
1640246512000,932000,2021-12-23 08:01:52,667
1640333808000,933000,2021-12-24 08:16:48,668
1640592615000,931000,2021-12-27 08:10:15,669
1640678267000,934000,2021-12-28 07:57:47,670
1640765261000,932000,2021-12-29 08:07:41,671
1640851711000,933000,2021-12-30 08:08:31,672
1640938971000,938000,2021-12-31 08:22:51,673
1641198426000,945000,2022-01-03 08:27:06,674
1641283929000,935000,2022-01-04 08:12:09,675
1641370348000,940000,2022-01-05 08:12:28,676
1641456064000,941000,2022-01-06 08:01:04,677
1641542667000,934000,2022-01-07 08:04:27,678
1641629494000,934000,2022-01-08 08:11:34,679
1641710411000,934000,2022-01-09 06:40:11,680
1641801049000,933000,2022-01-10 07:50:49,681
1641888758000,934000,2022-01-11 08:12:38,682
1641974926000,940000,2022-01-12 08:08:46,683
1642061261000,941000,2022-01-13 08:07:41,684
1642147275000,939000,2022-01-14 08:01:15,685
1642234327000,938000,2022-01-15 08:12:07,686
1642315260000,938000,2022-01-16 06:41:00,687
1642407695000,937000,2022-01-17 08:21:35,688
1642494261000,939000,2022-01-18 08:24:21,689
1642578703000,936000,2022-01-19 07:51:43,690
1642667190000,948000,2022-01-20 08:26:30,691
1642752587000,947000,2022-01-21 08:09:47,692
1642839079000,945000,2022-01-22 08:11:19,693
1642920828000,945000,2022-01-23 06:53:48,694
1643012203000,944000,2022-01-24 08:16:43,695
1643098446000,947000,2022-01-25 08:14:06,696
1643184462000,950000,2022-01-26 08:07:42,697
1643270910000,938000,2022-01-27 08:08:30,698
1643359798000,930000,2022-01-28 08:49:58,699
1643443419000,928000,2022-01-29 08:03:39,700
1643527430000,928000,2022-01-30 07:23:50,701
1643617778000,927000,2022-01-31 08:29:38,702
1643702152000,931000,2022-02-01 07:55:52,703
1643789053000,932000,2022-02-02 08:04:13,704
1643876364000,933000,2022-02-03 08:19:24,705
1643961625000,934000,2022-02-04 08:00:25,706
1644049560000,935000,2022-02-05 08:26:00,707
1644130015000,935000,2022-02-06 06:46:55,708
1644222068000,937000,2022-02-07 08:21:08,709
1644224330000,937000,2022-02-07 08:58:50,710
1644307828000,943000,2022-02-08 08:10:28,711
1644394401000,943000,2022-02-09 08:13:21,712
1644480774000,945000,2022-02-10 08:12:54,713
1644567075000,941000,2022-02-11 08:11:15,714
1644654717000,953000,2022-02-12 08:31:57,715
1644734826000,953000,2022-02-13 06:47:06,716
1644825325000,953000,2022-02-14 07:55:25,717
1644912561000,957000,2022-02-15 08:09:21,718
1644999602000,946000,2022-02-16 08:20:02,719
1645084933000,953000,2022-02-17 08:02:13,720
1645172111000,967000,2022-02-18 08:15:11,721
1645258182000,969000,2022-02-19 08:09:42,722
1645340006000,969000,2022-02-20 06:53:26,723
1645430414000,972000,2022-02-21 08:00:14,724
1645517790000,972000,2022-02-22 08:16:30,725
1645604688000,969000,2022-02-23 08:24:48,726
1645690408000,974000,2022-02-24 08:13:28,727
1645705724000,984000,2022-02-24 12:28:44,728
1645729307000,994000,2022-02-24 19:01:47,729
1645777028000,975000,2022-02-25 08:17:08,730
1645863177000,969000,2022-02-26 08:12:57,731
1645949220000,969000,2022-02-27 08:07:00,732
1646035314000,978000,2022-02-28 08:01:54,733
1646123056000,977000,2022-03-01 08:24:16,734
1646209428000,987000,2022-03-02 08:23:48,735
1646295084000,987000,2022-03-03 08:11:24,736
1646382429000,990000,2022-03-04 08:27:09,737
1646467749000,1005000,2022-03-05 08:09:09,738
1646550489000,1005000,2022-03-06 07:08:09,739
1646639663000,1013000,2022-03-07 07:54:23,740
1646727836000,1019000,2022-03-08 08:23:56,741
1646814338000,1036000,2022-03-09 08:25:38,742
1646900695000,1010000,2022-03-10 08:24:55,743
1646985444000,1010000,2022-03-11 07:57:24,744
1647073207000,1009000,2022-03-12 08:20:07,745
1647154311000,1009000,2022-03-13 06:51:51,746
1647245846000,1001000,2022-03-14 08:17:26,747
1647332070000,994000,2022-03-15 08:14:30,748
1647418299000,984000,2022-03-16 08:11:39,749
1647504271000,986000,2022-03-17 08:04:31,750
1647591748000,991000,2022-03-18 08:22:28,751
1647677360000,984000,2022-03-19 08:09:20,752
1647761781000,984000,2022-03-20 07:36:21,753
1647850009000,983000,2022-03-21 08:06:49,754
1647936438000,989000,2022-03-22 08:07:18,755
1648023072000,984000,2022-03-23 08:11:12,756
1648109676000,994000,2022-03-24 08:14:36,757
1648195910000,1000000,2022-03-25 08:11:50,758
1648282049000,999000,2022-03-26 08:07:29,759
1648365488000,999000,2022-03-27 07:18:08,760
1648455225000,999000,2022-03-28 08:13:45,761
1648541263000,985000,2022-03-29 08:07:43,762
1648627793000,983000,2022-03-30 08:09:53,763
1648713816000,987000,2022-03-31 08:03:36,764
1648801031000,989000,2022-04-01 08:17:11,765
1648887347000,985000,2022-04-02 08:15:47,766
1648970353000,985000,2022-04-03 07:19:13,767
1649059778000,985000,2022-04-04 08:09:38,768
1649145925000,988000,2022-04-05 08:05:25,769
1649233097000,983000,2022-04-06 08:18:17,770
1649318689000,984000,2022-04-07 08:04:49,771
1649405292000,988000,2022-04-08 08:08:12,772
1649491293000,994000,2022-04-09 08:01:33,773
1649576289000,994000,2022-04-10 07:38:09,774
1649664087000,993000,2022-04-11 08:01:27,775
1649751311000,997000,2022-04-12 08:15:11,776
1649837540000,1002000,2022-04-13 08:12:20,777
1649923854000,1006000,2022-04-14 08:10:54,778
1650010645000,1005000,2022-04-15 08:17:25,779
1650097166000,1005000,2022-04-16 08:19:26,780
1650180906000,1005000,2022-04-17 07:35:06,781
1650269533000,1010000,2022-04-18 08:12:13,782
1650355253000,1007000,2022-04-19 08:00:53,783
1650442444000,995000,2022-04-20 08:14:04,784
1650528897000,998000,2022-04-21 08:14:57,785
1650615114000,997000,2022-04-22 08:11:54,786
1650702070000,989000,2022-04-23 08:21:10,787
1650784714000,989000,2022-04-24 07:18:34,788
1650874039000,988000,2022-04-25 08:07:19,789
1650961123000,982000,2022-04-26 08:18:43,790
1651046948000,981000,2022-04-27 08:09:08,791
1651133298000,975000,2022-04-28 08:08:18,792
1652084864000,977000,2022-05-09 08:27:44,793
1652170396000,970000,2022-05-10 08:13:16,794
1652257204000,966000,2022-05-11 08:20:04,795
1652344113000,975000,2022-05-12 08:28:33,796
1652429654000,969000,2022-05-13 08:14:14,797
1652515852000,967000,2022-05-14 08:10:52,798
1652598982000,967000,2022-05-15 07:16:22,799
1652688999000,967000,2022-05-16 08:16:39,800
1652776028000,974000,2022-05-17 08:27:08,801
1652862551000,971000,2022-05-18 08:29:11,802
1652948439000,973000,2022-05-19 08:20:39,803
1653035098000,985000,2022-05-20 08:24:58,804
1653121259000,984000,2022-05-21 08:20:59,805
1653202338000,984000,2022-05-22 06:52:18,806
1653292060000,984000,2022-05-23 07:47:40,807
1653379384000,987000,2022-05-24 08:03:04,808
1653466838000,992000,2022-05-25 08:20:38,809
1653552690000,988000,2022-05-26 08:11:30,810
1653638220000,988000,2022-05-27 07:57:00,811
1653725813000,986000,2022-05-28 08:16:53,812
1653807766000,986000,2022-05-29 07:02:46,813
1653898877000,985000,2022-05-30 08:21:17,814
1653984086000,983000,2022-05-31 08:01:26,815
1654072346000,979000,2022-06-01 08:32:26,816
1654157167000,984000,2022-06-02 08:06:07,817
1654244488000,989000,2022-06-03 08:21:28,818
1654330843000,979000,2022-06-04 08:20:43,819
1654413391000,979000,2022-06-05 07:16:31,820
1654503273000,980000,2022-06-06 08:14:33,821
1654588693000,976000,2022-06-07 07:58:13,822
1654676420000,981000,2022-06-08 08:20:20,823
1654761723000,983000,2022-06-09 08:02:03,824
1654849311000,984000,2022-06-10 08:21:51,825
1654935623000,995000,2022-06-11 08:20:23,826
1655017227000,995000,2022-06-12 07:00:27,827
1655108430000,996000,2022-06-13 08:20:30,828
1655194448000,986000,2022-06-14 08:14:08,829
1655280655000,984000,2022-06-15 08:10:55,830
1655367588000,994000,2022-06-16 08:19:48,831
1655454268000,999000,2022-06-17 08:24:28,832
1655540338000,999000,2022-06-18 08:18:58,833
1655623541000,999000,2022-06-19 07:25:41,834
1655713257000,999000,2022-06-20 08:20:57,835
1655799647000,999000,2022-06-21 08:20:47,836
1655885687000,993000,2022-06-22 08:14:47,837
1655971276000,999000,2022-06-23 08:01:16,838
1656058777000,992000,2022-06-24 08:19:37,839
1656145122000,992000,2022-06-25 08:18:42,840
1656228755000,992000,2022-06-26 07:32:35,841
1656317072000,994000,2022-06-27 08:04:32,842
1656403881000,988000,2022-06-28 08:11:21,843
1656490578000,988000,2022-06-29 08:16:18,844
1656576432000,988000,2022-06-30 08:07:12,845
1656663982000,984000,2022-07-01 08:26:22,846
1656750220000,991000,2022-07-02 08:23:40,847
1656832511000,991000,2022-07-03 07:15:11,848
1656922816000,989000,2022-07-04 08:20:16,849
1657009208000,989000,2022-07-05 08:20:08,850
1657096119000,977000,2022-07-06 08:28:39,851
1657181291000,969000,2022-07-07 08:08:11,852
1657268374000,969000,2022-07-08 08:19:34,853
1657353863000,969000,2022-07-09 08:04:23,854
1657527621000,969000,2022-07-11 08:20:21,855
1657613413000,966000,2022-07-12 08:10:13,856
1657699844000,964000,2022-07-13 08:10:44,857
1657786066000,967000,2022-07-14 08:07:46,858
1657872795000,962000,2022-07-15 08:13:15,859
1657958835000,962000,2022-07-16 08:07:15,860
1658041732000,962000,2022-07-17 07:08:52,861
1658131331000,963000,2022-07-18 08:02:11,862
1658218743000,961000,2022-07-19 08:19:03,863
1658305124000,963000,2022-07-20 08:18:44,864
1658391128000,957000,2022-07-21 08:12:08,865
1658478052000,965000,2022-07-22 08:20:52,866
1658564143000,970000,2022-07-23 08:15:43,867
1658647602000,970000,2022-07-24 07:26:42,868
1658737010000,969000,2022-07-25 08:16:50,869
1658823449000,966000,2022-07-26 08:17:29,870
1658909500000,966000,2022-07-27 08:11:40,871
1658995839000,978000,2022-07-28 08:10:39,872
1659082793000,982000,2022-07-29 08:19:53,873
1659169161000,982000,2022-07-30 08:19:21,874
1659252849000,982000,2022-07-31 07:34:09,875
1659340379000,980000,2022-08-01 07:52:59,876
1659428381000,984000,2022-08-02 08:19:41,877
1659514714000,978000,2022-08-03 08:18:34,878
1659599983000,983000,2022-08-04 07:59:43,879
1659686313000,998000,2022-08-05 07:58:33,880
1659773935000,989000,2022-08-06 08:18:55,881
1659857036000,989000,2022-08-07 07:23:56,882
1659944932000,987000,2022-08-08 07:48:52,883
1660032135000,996000,2022-08-09 08:02:15,884
1660119036000,995000,2022-08-10 08:10:36,885
1660205447000,995000,2022-08-11 08:10:47,886
1660291646000,990000,2022-08-12 08:07:26,887
1660378685000,990000,2022-08-13 08:18:05,888
1660460908000,990000,2022-08-14 07:08:28,889
1660551502000,988000,2022-08-15 08:18:22,890
1660638058000,980000,2022-08-16 08:20:58,891
1660724371000,980000,2022-08-17 08:19:31,892
1660809622000,975000,2022-08-18 08:00:22,893
1660896789000,974000,2022-08-19 08:13:09,894
1660983477000,972000,2022-08-20 08:17:57,895
1661065383000,972000,2022-08-21 07:03:03,896
1661155813000,971000,2022-08-22 08:10:13,897
1661242849000,968000,2022-08-23 08:20:49,898
1661329386000,972000,2022-08-24 08:23:06,899
1661414681000,972000,2022-08-25 08:04:41,900
1661501677000,972000,2022-08-26 08:14:37,901
1661588287000,964000,2022-08-27 08:18:07,902
1661671745000,964000,2022-08-28 07:29:05,903
1661760402000,962000,2022-08-29 08:06:42,904
1661846780000,965000,2022-08-30 08:06:20,905
1661934028000,957000,2022-08-31 08:20:28,906
1662019687000,949000,2022-09-01 08:08:07,907
1662106710000,947000,2022-09-02 08:18:30,908
1662193752000,952000,2022-09-03 08:29:12,909
1662273058000,952000,2022-09-04 06:30:58,910
1662364743000,951000,2022-09-05 07:59:03,911
1662453200000,955000,2022-09-06 08:33:20,912
1662538007000,946000,2022-09-07 08:06:47,913
1662624843000,950000,2022-09-08 08:14:03,914
1662711506000,947000,2022-09-09 08:18:26,915
1662796453000,947000,2022-09-10 07:54:13,916
1662881118000,947000,2022-09-11 07:25:18,917
1662970144000,947000,2022-09-12 08:09:04,918
1663057072000,950000,2022-09-13 08:17:52,919
1663143045000,942000,2022-09-14 08:10:45,920
1663229984000,942000,2022-09-15 08:19:44,921
1663316324000,933000,2022-09-16 08:18:44,922
1663402682000,940000,2022-09-17 08:18:02,923
1663483707000,940000,2022-09-18 06:48:27,924
1663574342000,940000,2022-09-19 07:59:02,925
1663661849000,942000,2022-09-20 08:17:29,926
1663747628000,937000,2022-09-21 08:07:08,927
1663834581000,937000,2022-09-22 08:16:21,928
1663921141000,941000,2022-09-23 08:19:01,929
1664007526000,932000,2022-09-24 08:18:46,930
1664089108000,932000,2022-09-25 06:58:28,931
1664179786000,932000,2022-09-26 08:09:46,932
1664266285000,930000,2022-09-27 08:11:25,933
1664352572000,932000,2022-09-28 08:09:32,934
1664438510000,942000,2022-09-29 08:01:50,935
1664525021000,945000,2022-09-30 08:03:41,936
1664612370000,943000,2022-10-01 08:19:30,937
1664695327000,943000,2022-10-02 07:22:07,938
1664785138000,945000,2022-10-03 08:18:58,939
1664871599000,955000,2022-10-04 08:19:59,940
1664957984000,962000,2022-10-05 08:19:44,941
1665043761000,957000,2022-10-06 08:09:21,942
1665130709000,953000,2022-10-07 08:18:29,943
1665216255000,949000,2022-10-08 08:04:15,944
1665298617000,949000,2022-10-09 06:56:57,945
1665389915000,949000,2022-10-10 08:18:35,946
1665476333000,941000,2022-10-11 08:18:53,947
1665561520000,941000,2022-10-12 07:58:40,948
1665647400000,945000,2022-10-13 07:50:00,949
1665735844000,940000,2022-10-14 08:24:04,950
1665821430000,935000,2022-10-15 08:10:30,951
1665905197000,935000,2022-10-16 07:26:37,952
1665993817000,935000,2022-10-17 08:03:37,953
1666082013000,940000,2022-10-18 08:33:33,954
1666167640000,940000,2022-10-19 08:20:40,955
1666254022000,933000,2022-10-20 08:20:22,956
1666339861000,936000,2022-10-21 08:11:01,957
1666426492000,945000,2022-10-22 08:14:52,958
1666514779000,945000,2022-10-23 08:46:19,959
1666598700000,946000,2022-10-24 08:05:00,960
1666686449000,943000,2022-10-25 08:27:29,961
1666772117000,943000,2022-10-26 08:15:17,962
1666859283000,948000,2022-10-27 08:28:03,963
1666945184000,944000,2022-10-28 08:19:44,964
1667031229000,939000,2022-10-29 08:13:49,965
1667111940000,939000,2022-10-30 06:39:00,966
1667204761000,939000,2022-10-31 08:26:01,967
1667290945000,936000,2022-11-01 08:22:25,968
1667377586000,944000,2022-11-02 08:26:26,969
1667463859000,939000,2022-11-03 08:24:19,970
1667550097000,939000,2022-11-04 08:21:37,971
1667636508000,954000,2022-11-05 08:21:48,972
1667718695000,954000,2022-11-06 07:11:35,973
1667808833000,951000,2022-11-07 08:13:53,974
1667895657000,950000,2022-11-08 08:20:57,975
1667981878000,961000,2022-11-09 08:17:58,976
1668068651000,959000,2022-11-10 08:24:11,977
1668155128000,974000,2022-11-11 08:25:28,978
1668241370000,972000,2022-11-12 08:22:50,979
1668325480000,972000,2022-11-13 07:44:40,980
1668414022000,970000,2022-11-14 08:20:22,981
1668499804000,973000,2022-11-15 08:10:04,982
1668585800000,981000,2022-11-16 08:03:20,983
1668673300000,981000,2022-11-17 08:21:40,984
1668759777000,980000,2022-11-18 08:22:57,985
1668846280000,978000,2022-11-19 08:24:40,986
1668929739000,978000,2022-11-20 07:35:39,987
1669018477000,978000,2022-11-21 08:14:37,988
1669105201000,975000,2022-11-22 08:20:01,989
1669191233000,977000,2022-11-23 08:13:53,990
1669278088000,981000,2022-11-24 08:21:28,991
1669363796000,980000,2022-11-25 08:09:56,992
1669449840000,981000,2022-11-26 08:04:00,993
1669533434000,981000,2022-11-27 07:17:14,994
1669622666000,979000,2022-11-28 08:04:26,995
1669710029000,977000,2022-11-29 08:20:29,996
1669795162000,981000,2022-11-30 07:59:22,997
1669882479000,991000,2022-12-01 08:14:39,998
1669971041000,1004000,2022-12-02 08:50:41,999
1670055606000,998000,2022-12-03 08:20:06,1000
1670138075000,998000,2022-12-04 07:14:35,1001
1670227241000,999000,2022-12-05 08:00:41,1002
1670314075000,984000,2022-12-06 08:07:55,1003
1670400503000,984000,2022-12-07 08:08:23,1004
1670486478000,999000,2022-12-08 08:01:18,1005
1670572941000,1003000,2022-12-09 08:02:21,1006
1670660132000,1007000,2022-12-10 08:15:32,1007
1670742851000,1007000,2022-12-11 07:14:11,1008
1670832637000,1005000,2022-12-12 08:10:37,1009
1670919772000,998000,2022-12-13 08:22:52,1010
1671005283000,1013000,2022-12-14 08:08:03,1011
1671092700000,1013000,2022-12-15 08:25:00,1012
1671178758000,1000000,2022-12-16 08:19:18,1013
1671264589000,1008000,2022-12-17 08:09:49,1014
1671347614000,1008000,2022-12-18 07:13:34,1015
1671438002000,1007000,2022-12-19 08:20:02,1016
1671524438000,1004000,2022-12-20 08:20:38,1017
1671610987000,1016000,2022-12-21 08:23:07,1018
1671696557000,1014000,2022-12-22 08:09:17,1019
1671783687000,1004000,2022-12-23 08:21:27,1020
1671870258000,1006000,2022-12-24 08:24:18,1021
1671953553000,1006000,2022-12-25 07:32:33,1022
1672041756000,1006000,2022-12-26 08:02:36,1023
1672128672000,1008000,2022-12-27 08:11:12,1024
1672215788000,1014000,2022-12-28 08:23:08,1025
1672301993000,1012000,2022-12-29 08:19:53,1026
1672389845000,1020000,2022-12-30 08:44:05,1027
1672476477000,1026000,2022-12-31 08:47:57,1028
1672559584000,1026000,2023-01-01 07:53:04,1029
1672646871000,1026000,2023-01-02 08:07:51,1030
1672732463000,1022000,2023-01-03 07:54:23,1031
1672819399000,1024000,2023-01-04 08:03:19,1032
1672906816000,1031000,2023-01-05 08:20:16,1033
1672992121000,1022000,2023-01-06 08:02:01,1034
1673079639000,1032000,2023-01-07 08:20:39,1035
1673155185000,1032000,2023-01-08 05:19:45,1036
1673251729000,1033000,2023-01-09 08:08:49,1037
1673338982000,1035000,2023-01-10 08:23:02,1038
1673425013000,1035000,2023-01-11 08:16:53,1039
1673511792000,1035000,2023-01-12 08:23:12,1040
1673598072000,1042000,2023-01-13 08:21:12,1041
1673683600000,1043000,2023-01-14 08:06:40,1042
1673767687000,1043000,2023-01-15 07:28:07,1043
1673856134000,1042000,2023-01-16 08:02:14,1044
1673943558000,1032000,2023-01-17 08:19:18,1045
1674029370000,1022000,2023-01-18 08:09:30,1046
1674115134000,1029000,2023-01-19 07:58:54,1047
1674202804000,1039000,2023-01-20 08:20:04,1048
1674288071000,1035000,2023-01-21 08:01:11,1049
1674371430000,1035000,2023-01-22 07:10:30,1050
1674461648000,1035000,2023-01-23 08:14:08,1051
1674547227000,1037000,2023-01-24 08:00:27,1052
1674634447000,1040000,2023-01-25 08:14:07,1053
1674720157000,1035000,2023-01-26 08:02:37,1054
1674808044000,1030000,2023-01-27 08:27:24,1055
1674893956000,1029000,2023-01-28 08:19:16,1056
1674976882000,1029000,2023-01-29 07:21:22,1057
1675066102000,1029000,2023-01-30 08:08:22,1058
1675152360000,1027000,2023-01-31 08:06:00,1059
1675239125000,1029000,2023-02-01 08:12:05,1060
1675326195000,1042000,2023-02-02 08:23:15,1061
1675412583000,1029000,2023-02-03 08:23:03,1062
1675499749000,1014000,2023-02-04 08:35:49,1063
1675582167000,1014000,2023-02-05 07:29:27,1064
1675671668000,1014000,2023-02-06 08:21:08,1065
1675756797000,1017000,2023-02-07 07:59:57,1066
1675843962000,1028000,2023-02-08 08:12:42,1067
1675929564000,1033000,2023-02-09 07:59:24,1068
1676016726000,1026000,2023-02-10 08:12:06,1069
1676103851000,1028000,2023-02-11 08:24:11,1070
1676184735000,1028000,2023-02-12 06:52:15,1071
1676275450000,1027000,2023-02-13 08:04:10,1072
1676361925000,1026000,2023-02-14 08:05:25,1073
1676448281000,1029000,2023-02-15 08:04:41,1074
1676534644000,1019000,2023-02-16 08:04:04,1075
1676622221000,1019000,2023-02-17 08:23:41,1076
1676707642000,1022000,2023-02-18 08:07:22,1077
1676787216000,1022000,2023-02-19 06:13:36,1078
1676881565000,1020000,2023-02-20 08:26:05,1079
1676967377000,1023000,2023-02-21 08:16:17,1080
1677053502000,1019000,2023-02-22 08:11:42,1081
1677140635000,1015000,2023-02-23 08:23:55,1082
1677225945000,1016000,2023-02-24 08:05:45,1083
1677313680000,1012000,2023-02-25 08:28:00,1084
1677395100000,1012000,2023-02-26 07:05:00,1085
1677664760000,1021000,2023-03-01 09:59:20,1086
1677751401000,1024000,2023-03-02 10:03:21,1087
1677834573000,1025000,2023-03-03 09:09:33,1088
1678090474000,1033000,2023-03-06 08:14:34,1089
1678176394000,1032000,2023-03-07 08:06:34,1090
1678262862000,1020000,2023-03-08 08:07:42,1091
1678349434000,1024000,2023-03-09 08:10:34,1092
1678436010000,1034000,2023-03-10 08:13:30,1093
1678522660000,1049000,2023-03-11 08:17:40,1094
1678603581000,1049000,2023-03-12 06:46:21,1095
1678695221000,1054000,2023-03-13 08:13:41,1096
1678782205000,1064000,2023-03-14 08:23:25,1097
1678868588000,1054000,2023-03-15 08:23:08,1098
1678954094000,1064000,2023-03-16 08:08:14,1099
1679040680000,1063000,2023-03-17 08:11:20,1100
1679127644000,1088000,2023-03-18 08:20:44,1101
1679212425000,1088000,2023-03-19 07:53:45,1102
1679300609000,1085000,2023-03-20 08:23:29,1103
1679386357000,1084000,2023-03-21 08:12:37,1104
1679482221000,1074000,2023-03-22 10:50:21,1105
1679559678000,1087000,2023-03-23 08:21:18,1106
1679559748000,1087000,2023-03-23 08:22:28,1107
1679645808000,1096000,2023-03-24 08:16:48,1108
1679732593000,1089000,2023-03-25 08:23:13,1109
1679817163000,1089000,2023-03-26 07:52:43,1110
1679904225000,1087000,2023-03-27 08:03:45,1111
1679990880000,1077000,2023-03-28 08:08:00,1112
1680077908000,1082000,2023-03-29 08:18:28,1113
1680164010000,1072000,2023-03-30 08:13:30,1114
1680250033000,1078000,2023-03-31 08:07:13,1115
1680337070000,1072000,2023-04-01 08:17:50,1116
1680423598000,1072000,2023-04-02 08:19:58,1117
1680509450000,1068000,2023-04-03 08:10:50,1118
1680596689000,1073000,2023-04-04 08:24:49,1119
1680682895000,1083000,2023-04-05 08:21:35,1120
1680768244000,1078000,2023-04-06 08:04:04,1121
1680854831000,1074000,2023-04-07 08:07:11,1122
1680941486000,1074000,2023-04-08 08:11:26,1123
1681027441000,1074000,2023-04-09 08:04:01,1124
1681114444000,1072000,2023-04-10 08:14:04,1125
1681200119000,1069000,2023-04-11 08:01:59,1126
1681286412000,1071000,2023-04-12 08:00:12,1127
1681373232000,1075000,2023-04-13 08:07:12,1128
1681460099000,1084000,2023-04-14 08:14:59,1129
1681547465000,1067000,2023-04-15 08:31:05,1130
1681631590000,1067000,2023-04-16 07:53:10,1131
1681719109000,1066000,2023-04-17 08:11:49,1132
1681805140000,1054000,2023-04-18 08:05:40,1133
1682497944000,1062000,2023-04-26 08:32:24,1134
1682583594000,1062000,2023-04-27 08:19:54,1135
1682669559000,1062000,2023-04-28 08:12:39,1136
1682755192000,1056000,2023-04-29 07:59:52,1137
1682837233000,1056000,2023-04-30 06:47:13,1138
1682927953000,1054000,2023-05-01 07:59:13,1139
1683015608000,1053000,2023-05-02 08:20:08,1140
1683101663000,1062000,2023-05-03 08:14:23,1141
1683188265000,1077000,2023-05-04 08:17:45,1142
1683274268000,1074000,2023-05-05 08:11:08,1143
1683360883000,1059000,2023-05-06 08:14:43,1144
1683443997000,1059000,2023-05-07 07:19:57,1145
1683534103000,1059000,2023-05-08 08:21:43,1146
1683620389000,1063000,2023-05-09 08:19:49,1147
1683706668000,1072000,2023-05-10 08:17:48,1148
1683792683000,1072000,2023-05-11 08:11:23,1149
1683879523000,1064000,2023-05-12 08:18:43,1150
1683965317000,1060000,2023-05-13 08:08:37,1151
1684049061000,1060000,2023-05-14 07:24:21,1152
1684137864000,1060000,2023-05-15 08:04:24,1153
1684224843000,1064000,2023-05-16 08:14:03,1154
1684311057000,1057000,2023-05-17 08:10:57,1155
1684398114000,1055000,2023-05-18 08:21:54,1156
1684483135000,1045000,2023-05-19 07:58:55,1157
1684570253000,1056000,2023-05-20 08:10:53,1158
1684654214000,1056000,2023-05-21 07:30:14,1159
1684742745000,1056000,2023-05-22 08:05:45,1160
1684829562000,1056000,2023-05-23 08:12:42,1161
1684829670000,1056000,2023-05-23 08:14:30,1162
1684915932000,1056000,2023-05-24 08:12:12,1163
1685003801000,1048000,2023-05-25 08:36:41,1164
1685088663000,1043000,2023-05-26 08:11:03,1165
1685176189000,1048000,2023-05-27 08:29:49,1166
1685257264000,1048000,2023-05-28 07:01:04,1167
1685347423000,1047000,2023-05-29 08:03:43,1168
1685434002000,1048000,2023-05-30 08:06:42,1169
1685520661000,1056000,2023-05-31 08:11:01,1170
1685608117000,1060000,2023-06-01 08:28:37,1171
1685694538000,1065000,2023-06-02 08:28:58,1172
1685780473000,1057000,2023-06-03 08:21:13,1173
1685858765000,1057000,2023-06-04 06:06:05,1174
1685953740000,1057000,2023-06-05 08:29:00,1175
1686038821000,1065000,2023-06-06 08:07:01,1176
1686125907000,1060000,2023-06-07 08:18:27,1177
1686211308000,1052000,2023-06-08 08:01:48,1178
1686298271000,1062000,2023-06-09 08:11:11,1179
1686385088000,1062000,2023-06-10 08:18:08,1180
1686467417000,1062000,2023-06-11 07:10:17,1181
1686557680000,1062000,2023-06-12 08:14:40,1182
1686644053000,1059000,2023-06-13 08:14:13,1183
1686730345000,1053000,2023-06-14 08:12:25,1184
1686817221000,1052000,2023-06-15 08:20:21,1185
1686903363000,1061000,2023-06-16 08:16:03,1186
1686990181000,1063000,2023-06-17 08:23:01,1187
1687072203000,1063000,2023-06-18 07:10:03,1188
1687162473000,1063000,2023-06-19 08:14:33,1189
1687248604000,1061000,2023-06-20 08:10:04,1190
1687334729000,1057000,2023-06-21 08:05:29,1191
1687421045000,1058000,2023-06-22 08:04:05,1192
1687508804000,1048000,2023-06-23 08:26:44,1193
1687594616000,1047000,2023-06-24 08:16:56,1194
1687670904000,1047000,2023-06-25 05:28:24,1195
1687768232000,1050000,2023-06-26 08:30:32,1196
1687853113000,1053000,2023-06-27 08:05:13,1197
1687940257000,1052000,2023-06-28 08:17:37,1198
1688030769000,1049000,2023-06-29 09:26:09,1199
1688113231000,1049000,2023-06-30 08:20:31,1200
1688113865000,1049000,2023-06-30 08:31:05,1201
1688281889000,1049000,2023-07-02 07:11:29,1202
1688371800000,1054000,2023-07-03 08:10:00,1203
1688371905000,1054000,2023-07-03 08:11:45,1204
1688458775000,1054000,2023-07-04 08:19:35,1205
1688545550000,1058000,2023-07-05 08:25:50,1206
1688631252000,1053000,2023-07-06 08:14:12,1207
1688719111000,1050000,2023-07-07 08:38:31,1208
1688804296000,1059000,2023-07-08 08:18:16,1209
1688887771000,1059000,2023-07-09 07:29:31,1210
1688976173000,1059000,2023-07-10 08:02:53,1211
1689062623000,1064000,2023-07-11 08:03:43,1212
1689149916000,1071000,2023-07-12 08:18:36,1213
1689237847000,1082000,2023-07-13 08:44:07,1214
1689322283000,1080000,2023-07-14 08:11:23,1215
1689322340000,1080000,2023-07-14 08:12:20,1216
1689409210000,1074000,2023-07-15 08:20:10,1217
1689495122000,1074000,2023-07-16 08:12:02,1218
1689583842000,1073000,2023-07-17 08:50:42,1219
1689668318000,1072000,2023-07-18 08:18:38,1220
1689754750000,1080000,2023-07-19 08:19:10,1221
1689840669000,1080000,2023-07-20 08:11:09,1222
1689927619000,1077000,2023-07-21 08:20:19,1223
1690013357000,1072000,2023-07-22 08:09:17,1224
1690099439000,1072000,2023-07-23 08:03:59,1225
1690185857000,1072000,2023-07-24 08:04:17,1226
1690272929000,1071000,2023-07-25 08:15:29,1227
1690359781000,1075000,2023-07-26 08:23:01,1228
1690446438000,1076000,2023-07-27 08:27:18,1229
1690532317000,1068000,2023-07-28 08:18:37,1230
1690619539000,1071000,2023-07-29 08:32:19,1231
1690693737000,1071000,2023-07-30 05:08:57,1232
1690790853000,1071000,2023-07-31 08:07:33,1233
1690878060000,1078000,2023-08-01 08:21:00,1234
1690963526000,1071000,2023-08-02 08:05:26,1235
1691049946000,1067000,2023-08-03 08:05:46,1236
1691137170000,1069000,2023-08-04 08:19:30,1237
1691222734000,1074000,2023-08-05 08:05:34,1238
1691304868000,1074000,2023-08-06 06:54:28,1239
1691395052000,1074000,2023-08-07 07:57:32,1240
1691481653000,1070000,2023-08-08 08:00:53,1241
1691567598000,1066000,2023-08-09 07:53:18,1242
1691655200000,1064000,2023-08-10 08:13:20,1243
1691739807000,1062000,2023-08-11 07:43:27,1244
1691827690000,1062000,2023-08-12 08:08:10,1245
1691911453000,1062000,2023-08-13 07:24:13,1246
1692000874000,1061000,2023-08-14 08:14:34,1247
1692087611000,1060000,2023-08-15 08:20:11,1248
1692173202000,1063000,2023-08-16 08:06:42,1249
1692261976000,1060000,2023-08-17 08:46:16,1250
1692346025000,1060000,2023-08-18 08:07:05,1251
1692433292000,1057000,2023-08-19 08:21:32,1252
1692515347000,1057000,2023-08-20 07:09:07,1253
1692605698000,1057000,2023-08-21 08:14:58,1254
1692692072000,1058000,2023-08-22 08:14:32,1255
1692778682000,1062000,2023-08-23 08:18:02,1256
1692864599000,1069000,2023-08-24 08:09:59,1257
1692950925000,1069000,2023-08-25 08:08:45,1258
1693037865000,1065000,2023-08-26 08:17:45,1259
1693118404000,1065000,2023-08-27 06:40:04,1260
1693210060000,1065000,2023-08-28 08:07:40,1261
1693296356000,1070000,2023-08-29 08:05:56,1262
1693383329000,1077000,2023-08-30 08:15:29,1263
1693468711000,1079000,2023-08-31 07:58:31,1264
1693555686000,1076000,2023-09-01 08:08:06,1265
1693642176000,1076000,2023-09-02 08:09:36,1266
1693726078000,1076000,2023-09-03 07:27:58,1267
1693814712000,1076000,2023-09-04 08:05:12,1268
1693901740000,1075000,2023-09-05 08:15:40,1269
1693988053000,1069000,2023-09-06 08:14:13,1270
1694074887000,1064000,2023-09-07 08:21:27,1271
1694161185000,1068000,2023-09-08 08:19:45,1272
1694247692000,1069000,2023-09-09 08:21:32,1273
1694329946000,1069000,2023-09-10 07:12:26,1274
1694419708000,1070000,2023-09-11 08:08:28,1275
1694506362000,1071000,2023-09-12 08:12:42,1276
1694592596000,1068000,2023-09-13 08:09:56,1277
1694678830000,1066000,2023-09-14 08:07:10,1278
1694763634000,1068000,2023-09-15 07:40:34,1279
1694852227000,1075000,2023-09-16 08:17:07,1280
1694927379000,1075000,2023-09-17 05:09:39,1281
1695024309000,1075000,2023-09-18 08:05:09,1282
1695110237000,1081000,2023-09-19 07:57:17,1283
1695196157000,1080000,2023-09-20 07:49:17,1284
1695284096000,1080000,2023-09-21 08:14:56,1285
1695369540000,1077000,2023-09-22 07:59:00,1286
1695456974000,1079000,2023-09-23 08:16:14,1287
1695538011000,1079000,2023-09-24 06:46:51,1288
1695629326000,1078000,2023-09-25 08:08:46,1289
1695715935000,1072000,2023-09-26 08:12:15,1290
1695802248000,1066000,2023-09-27 08:10:48,1291
1695889488000,1058000,2023-09-28 08:24:48,1292
1695976205000,1053000,2023-09-29 08:30:05,1293
1696062161000,1049000,2023-09-30 08:22:41,1294
1696145265000,1049000,2023-10-01 07:27:45,1295
1696234490000,1049000,2023-10-02 08:14:50,1296
1696320425000,1039000,2023-10-03 08:07:05,1297
1696406433000,1040000,2023-10-04 08:00:33,1298
1696492805000,1043000,2023-10-05 08:00:05,1299
1696580004000,1043000,2023-10-06 08:13:24,1300
1696667264000,1047000,2023-10-07 08:27:44,1301
1696741603000,1047000,2023-10-08 05:06:43,1302
1696838648000,1053000,2023-10-09 08:04:08,1303
1696924954000,1062000,2023-10-10 08:02:34,1304
1697012305000,1063000,2023-10-11 08:18:25,1305
1697098488000,1072000,2023-10-12 08:14:48,1306
1697184839000,1072000,2023-10-13 08:13:59,1307
1697271303000,1088000,2023-10-14 08:15:03,1308
1697353586000,1088000,2023-10-15 07:06:26,1309
1697445705000,1087000,2023-10-16 08:41:45,1310
1697530180000,1085000,2023-10-17 08:09:40,1311
1697617240000,1088000,2023-10-18 08:20:40,1312
1697703666000,1100000,2023-10-19 08:21:06,1313
1697789723000,1112000,2023-10-20 08:15:23,1314
1697876604000,1121000,2023-10-21 08:23:24,1315
1697959933000,1121000,2023-10-22 07:32:13,1316
1698048077000,1117000,2023-10-23 08:01:17,1317
1698135075000,1119000,2023-10-24 08:11:15,1318
1698222099000,1123000,2023-10-25 08:21:39,1319
1698307731000,1125000,2023-10-26 08:08:51,1320
1698393909000,1123000,2023-10-27 08:05:09,1321
1698480730000,1136000,2023-10-28 08:12:10,1322
1698561375000,1136000,2023-10-29 06:36:15,1323
1698654026000,1135000,2023-10-30 08:20:26,1324
1698740411000,1131000,2023-10-31 08:20:11,1325
1698825922000,1123000,2023-11-01 08:05:22,1326
1698912408000,1123000,2023-11-02 08:06:48,1327
1698999509000,1126000,2023-11-03 08:18:29,1328
1699085614000,1125000,2023-11-04 08:13:34,1329
1699167153000,1125000,2023-11-05 06:52:33,1330
1699258710000,1123000,2023-11-06 08:18:30,1331
1699344290000,1111000,2023-11-07 08:04:50,1332
1699431878000,1094000,2023-11-08 08:24:38,1333
1699517436000,1087000,2023-11-09 08:10:36,1334
1699603706000,1092000,2023-11-10 08:08:26,1335
1699690774000,1084000,2023-11-11 08:19:34,1336
1699772752000,1084000,2023-11-12 07:05:52,1337
1699862987000,1084000,2023-11-13 08:09:47,1338
1699948284000,1089000,2023-11-14 07:51:24,1339
1700036021000,1097000,2023-11-15 08:13:41,1340
1700122084000,1096000,2023-11-16 08:08:04,1341
1700208688000,1095000,2023-11-17 08:11:28,1342
1700293828000,1100000,2023-11-18 07:50:28,1343
1700371844000,1100000,2023-11-19 05:30:44,1344
1700467818000,1097000,2023-11-20 08:10:18,1345
1700553930000,1095000,2023-11-21 08:05:30,1346
1700640464000,1097000,2023-11-22 08:07:44,1347
1700727515000,1095000,2023-11-23 08:18:35,1348
1700813178000,1105000,2023-11-24 08:06:18,1349
1700900344000,1110000,2023-11-25 08:19:04,1350
1700983386000,1110000,2023-11-26 07:23:06,1351
1701072501000,1110000,2023-11-27 08:08:21,1352
1701159008000,1115000,2023-11-28 08:10:08,1353
1701245447000,1124000,2023-11-29 08:10:47,1354
1701332136000,1120000,2023-11-30 08:15:36,1355
1701418879000,1115000,2023-12-01 08:21:19,1356
1701506286000,1130000,2023-12-02 08:38:06,1357
1701586307000,1130000,2023-12-03 06:51:47,1358
1701677111000,1145000,2023-12-04 08:05:11,1359
1701763554000,1122000,2023-12-05 08:05:54,1360
1701850517000,1110000,2023-12-06 08:15:17,1361
1701936025000,1116000,2023-12-07 08:00:25,1362
1702022467000,1116000,2023-12-08 08:01:07,1363
1702109953000,1107000,2023-12-09 08:19:13,1364
1702187011000,1107000,2023-12-10 05:43:31,1365
1702282631000,1107000,2023-12-11 08:17:11,1366
1702368622000,1093000,2023-12-12 08:10:22,1367
1702454833000,1100000,2023-12-13 08:07:13,1368
1702540678000,1125000,2023-12-14 07:57:58,1369
1702628041000,1126000,2023-12-15 08:14:01,1370
1702715429000,1114000,2023-12-16 08:30:29,1371
1702798109000,1114000,2023-12-17 07:28:29,1372
1702887700000,1114000,2023-12-18 08:21:40,1373
1702973354000,1118000,2023-12-19 08:09:14,1374
1703059904000,1125000,2023-12-20 08:11:44,1375
1703146060000,1121000,2023-12-21 08:07:40,1376
1703233693000,1128000,2023-12-22 08:28:13,1377
1703319510000,1132000,2023-12-23 08:18:30,1378
1703402091000,1132000,2023-12-24 07:14:51,1379
1703492529000,1132000,2023-12-25 08:22:09,1380
1703580676000,1132000,2023-12-26 08:51:16,1381
1703664355000,1137000,2023-12-27 08:05:55,1382
1703752158000,1141000,2023-12-28 08:29:18,1383
1703837090000,1130000,2023-12-29 08:04:50,1384
1704184810000,1129000,2024-01-02 08:40:10,1385
1704269951000,1129000,2024-01-03 08:19:11,1386
1704355638000,1123000,2024-01-04 08:07:18,1387
1704441357000,1125000,2024-01-05 07:55:57,1388
1704526945000,1128000,2024-01-06 07:42:25,1389
1704612826000,1128000,2024-01-07 07:33:46,1390
1704699841000,1128000,2024-01-08 07:44:01,1391
1704787116000,1121000,2024-01-09 07:58:36,1392
1704873457000,1121000,2024-01-10 07:57:37,1393
1704959930000,1119000,2024-01-11 07:58:50,1394
1705049101000,1124000,2024-01-12 08:45:01,1395
1705133938000,1131000,2024-01-13 08:18:58,1396
1705214696000,1131000,2024-01-14 06:44:56,1397
1705307010000,1130000,2024-01-15 08:23:30,1398
1705392838000,1134000,2024-01-16 08:13:58,1399
1705479178000,1121000,2024-01-17 08:12:58,1400
1705565261000,1115000,2024-01-18 08:07:41,1401
1705652608000,1125000,2024-01-19 08:23:28,1402
1705739249000,1128000,2024-01-20 08:27:29,1403
1705820693000,1128000,2024-01-21 07:04:53,1404
1705911743000,1127000,2024-01-22 08:22:23,1405
1705998566000,1125000,2024-01-23 08:29:26,1406
1706084189000,1128000,2024-01-24 08:16:29,1407
1706170290000,1124000,2024-01-25 08:11:30,1408
1706257413000,1130000,2024-01-26 08:23:33,1409
1706343794000,1132000,2024-01-27 08:23:14,1410
1706425862000,1132000,2024-01-28 07:11:02,1411
1706515785000,1133000,2024-01-29 08:09:45,1412
1706602543000,1142000,2024-01-30 08:15:43,1413
1706688193000,1144000,2024-01-31 08:03:13,1414
1706774915000,1143000,2024-02-01 08:08:35,1415
1706860816000,1151000,2024-02-02 08:00:16,1416
1706948972000,1142000,2024-02-03 08:29:32,1417
1707029625000,1142000,2024-02-04 06:53:45,1418
1707119757000,1140000,2024-02-05 07:55:57,1419
1707207597000,1130000,2024-02-06 08:19:57,1420
1707293803000,1136000,2024-02-07 08:16:43,1421
1707381378000,1139000,2024-02-08 08:36:18,1422
1707466841000,1138000,2024-02-09 08:20:41,1423
1707552511000,1135000,2024-02-10 08:08:31,1424
1707633836000,1135000,2024-02-11 06:43:56,1425
1707726579000,1135000,2024-02-12 08:29:39,1426
1707812197000,1129000,2024-02-13 08:16:37,1427
1707900457000,1114000,2024-02-14 08:47:37,1428
1707984315000,1115000,2024-02-15 08:05:15,1429
1708072719000,1118000,2024-02-16 08:38:39,1430
1708159881000,1124000,2024-02-17 08:51:21,1431
1708240814000,1124000,2024-02-18 07:20:14,1432
1708330172000,1125000,2024-02-19 08:09:32,1433
1708416372000,1128000,2024-02-20 08:06:12,1434
1708502850000,1131000,2024-02-21 08:07:30,1435
1708590446000,1133000,2024-02-22 08:27:26,1436
1708676025000,1133000,2024-02-23 08:13:45,1437
1708762727000,1136000,2024-02-24 08:18:47,1438
1708845100000,1136000,2024-02-25 07:11:40,1439
1708934319000,1135000,2024-02-26 07:58:39,1440
1709023004000,1132000,2024-02-27 08:36:44,1441
1709107204000,1134000,2024-02-28 08:00:04,1442
1709194596000,1138000,2024-02-29 08:16:36,1443
1709279566000,1142000,2024-03-01 07:52:46,1444
1709369364000,1164000,2024-03-02 08:49:24,1445
1709444483000,1164000,2024-03-03 05:41:23,1446
1709540081000,1164000,2024-03-04 08:14:41,1447
1709626740000,1179000,2024-03-05 08:19:00,1448
1709712595000,1186000,2024-03-06 08:09:55,1449
1709799786000,1199000,2024-03-07 08:23:06,1450
1709887076000,1204000,2024-03-08 08:37:56,1451
1709971038000,1208000,2024-03-09 07:57:18,1452
1710053005000,1208000,2024-03-10 06:43:25,1453
1710147213000,1208000,2024-03-11 08:53:33,1454
1710233498000,1210000,2024-03-12 08:51:38,1455
1710320737000,1200000,2024-03-13 09:05:37,1456
1710404781000,1203000,2024-03-14 08:26:21,1457
1710491772000,1194000,2024-03-15 08:36:12,1458
1710577959000,1193000,2024-03-16 08:32:39,1459
1710659508000,1193000,2024-03-17 07:11:48,1460
1710749664000,1193000,2024-03-18 08:14:24,1461
1710836426000,1199000,2024-03-19 08:20:26,1462
1710922417000,1199000,2024-03-20 08:13:37,1463
1711011227000,1219000,2024-03-21 08:53:47,1464
1711097507000,1211000,2024-03-22 08:51:47,1465
1711181203000,1203000,2024-03-23 08:06:43,1466
1711263803000,1203000,2024-03-24 07:03:23,1467
1711354249000,1203000,2024-03-25 08:10:49,1468
1711440353000,1213000,2024-03-26 08:05:53,1469
1711526671000,1217000,2024-03-27 08:04:31,1470
1711612827000,1222000,2024-03-28 08:00:27,1471
1711700905000,1249000,2024-03-29 08:28:25,1472
1711785841000,1249000,2024-03-30 08:04:01,1473
1711861060000,1249000,2024-03-31 04:57:40,1474
1711958790000,1254000,2024-04-01 08:06:30,1475
1712045555000,1256000,2024-04-02 08:12:35,1476
1712132949000,1274000,2024-04-03 08:29:09,1477
1712218262000,1283000,2024-04-04 08:11:02,1478
1712305573000,1279000,2024-04-05 08:26:13,1479
1712391835000,1299000,2024-04-06 08:23:55,1480
1712471597000,1299000,2024-04-07 06:33:17,1481
1712565440000,1289000,2024-04-08 08:37:20,1482
1712651840000,1306000,2024-04-09 08:37:20,1483
1712910400000,1324000,2024-04-12 08:26:40,1484
1712996645000,1310000,2024-04-13 08:24:05,1485
1713061825000,1310000,2024-04-14 02:30:25,1486
1713169926000,1315000,2024-04-15 08:32:06,1487
1713255880000,1321000,2024-04-16 08:24:40,1488
1713341512000,1321000,2024-04-17 08:11:52,1489
1713427403000,1335000,2024-04-18 08:03:23,1490
1713515346000,1345000,2024-04-19 08:29:06,1491
1713601200000,1347000,2024-04-20 08:20:00,1492
1713680039000,1347000,2024-04-21 06:13:59,1493
1713773399000,1343000,2024-04-22 08:09:59,1494
1713858962000,1325000,2024-04-23 07:56:02,1495
1713946348000,1320000,2024-04-24 08:12:28,1496
1714032321000,1319000,2024-04-25 08:05:21,1497
1714118244000,1319000,2024-04-26 07:57:24,1498
1714206625000,1326000,2024-04-27 08:30:25,1499
1714291633000,1326000,2024-04-28 08:07:13,1500
1714377383000,1325000,2024-04-29 07:56:23,1501
1714465185000,1325000,2024-04-30 08:19:45,1502
1714551614000,1310000,2024-05-01 08:20:14,1503
1714637377000,1327000,2024-05-02 08:09:37,1504
1714725214000,1318000,2024-05-03 08:33:34,1505
1714810709000,1313000,2024-05-04 08:18:29,1506
1714890137000,1313000,2024-05-05 06:22:17,1507
1714984233000,1310000,2024-05-06 08:30:33,1508
1715070189000,1318000,2024-05-07 08:23:09,1509
1715156449000,1308000,2024-05-08 08:20:49,1510
1715243062000,1306000,2024-05-09 08:24:22,1511
1715329641000,1326000,2024-05-10 08:27:21,1512
1715415752000,1333000,2024-05-11 08:22:32,1513
1715492284000,1333000,2024-05-12 05:38:04,1514
1715587704000,1333000,2024-05-13 08:08:24,1515
1715674488000,1324000,2024-05-14 08:14:48,1516
1715761993000,1332000,2024-05-15 08:33:13,1517
1715847521000,1354000,2024-05-16 08:18:41,1518
1715934272000,1343000,2024-05-17 08:24:32,1519
1716019424000,1350000,2024-05-18 08:03:44,1520
1716104048000,1350000,2024-05-19 07:34:08,1521
1716192569000,1350000,2024-05-20 08:09:29,1522
1716220556000,1363000,2024-05-20 15:55:56,1523
1716279310000,1358000,2024-05-21 08:15:10,1524
1716366097000,1357000,2024-05-22 08:21:37,1525
1716452669000,1345000,2024-05-23 08:24:29,1526
1716538127000,1325000,2024-05-24 08:08:47,1527
1716625500000,1325000,2024-05-25 08:25:00,1528
1716707175000,1325000,2024-05-26 07:06:15,1529
1716796759000,1327000,2024-05-27 07:59:19,1530
1716883238000,1333000,2024-05-28 08:00:38,1531
1716970471000,1338000,2024-05-29 08:14:31,1532
1717057568000,1329000,2024-05-30 08:26:08,1533
1717142231000,1337000,2024-05-31 07:57:11,1534
1717228967000,1336000,2024-06-01 08:02:47,1535
1717307363000,1336000,2024-06-02 05:49:23,1536
1717402336000,1335000,2024-06-03 08:12:16,1537
1717488312000,1349000,2024-06-04 08:05:12,1538
1717575085000,1336000,2024-06-05 08:11:25,1539
1717662206000,1349000,2024-06-06 08:23:26,1540
1717747192000,1366000,2024-06-07 07:59:52,1541
1717835088000,1328000,2024-06-08 08:24:48,1542
1717917118000,1328000,2024-06-09 07:11:58,1543
1718007286000,1329000,2024-06-10 08:14:46,1544
1718092882000,1330000,2024-06-11 08:01:22,1545
1718180079000,1338000,2024-06-12 08:14:39,1546
1718266641000,1341000,2024-06-13 08:17:21,1547
1718353132000,1333000,2024-06-14 08:18:52,1548
1718439114000,1347000,2024-06-15 08:11:54,1549
1718520839000,1347000,2024-06-16 06:53:59,1550
1718617526000,1344000,2024-06-17 09:45:26,1551
1718699078000,1342000,2024-06-18 08:24:38,1552
1718785957000,1349000,2024-06-19 08:32:37,1553
1718870440000,1355000,2024-06-20 08:00:40,1554
1718958197000,1371000,2024-06-21 08:23:17,1555
1719045422000,1357000,2024-06-22 08:37:02,1556
1719124927000,1357000,2024-06-23 06:42:07,1557
1719217857000,1360000,2024-06-24 08:30:57,1558
1719303640000,1368000,2024-06-25 08:20:40,1559
1719389852000,1361000,2024-06-26 08:17:32,1560
1719476318000,1350000,2024-06-27 08:18:38,1561
1719562469000,1360000,2024-06-28 08:14:29,1562
1719651957000,1365000,2024-06-29 09:05:57,1563
1719731172000,1365000,2024-06-30 07:06:12,1564
1719821836000,1363000,2024-07-01 08:17:16,1565
1719909036000,1368000,2024-07-02 08:30:36,1566
1719994117000,1365000,2024-07-03 08:08:37,1567
1720079995000,1378000,2024-07-04 07:59:55,1568
1720167420000,1383000,2024-07-05 08:17:00,1569
1720254304000,1395000,2024-07-06 08:25:04,1570
1720336122000,1395000,2024-07-07 07:08:42,1571
1720427778000,1396000,2024-07-08 08:36:18,1572
1720513449000,1389000,2024-07-09 08:24:09,1573
1720598894000,1380000,2024-07-10 08:08:14,1574
1720685659000,1386000,2024-07-11 08:14:19,1575
1720772099000,1399000,2024-07-12 08:14:59,1576
1720857222000,1400000,2024-07-13 07:53:42,1577
1720919257000,1400000,2024-07-14 01:07:37,1578
1721031295000,1399000,2024-07-15 08:14:55,1579
1721117630000,1403000,2024-07-16 08:13:50,1580
1721204868000,1420000,2024-07-17 08:27:48,1581
1721290559000,1427000,2024-07-18 08:15:59,1582
1721377532000,1419000,2024-07-19 08:25:32,1583
1721463595000,1404000,2024-07-20 08:19:55,1584
1721543157000,1404000,2024-07-21 06:25:57,1585
1721637124000,1404000,2024-07-22 08:32:04,1586
1721722699000,1404000,2024-07-23 08:18:19,1587
1721809036000,1406000,2024-07-24 08:17:16,1588
1721896558000,1400000,2024-07-25 08:35:58,1589
1721981963000,1386000,2024-07-26 08:19:23,1590
1722067838000,1396000,2024-07-27 08:10:38,1591
1722148921000,1396000,2024-07-28 06:42:01,1592
1722241032000,1402000,2024-07-29 08:17:12,1593
1722328180000,1400000,2024-07-30 08:29:40,1594
1722413191000,1412000,2024-07-31 08:06:31,1595
1722499941000,1433000,2024-08-01 08:12:21,1596
1722586705000,1431000,2024-08-02 08:18:25,1597
1722672845000,1428000,2024-08-03 08:14:05,1598
1722753091000,1428000,2024-08-04 06:31:31,1599
1722846383000,1420000,2024-08-05 08:26:23,1600
1722932536000,1413000,2024-08-06 08:22:16,1601
1723019033000,1399000,2024-08-07 08:23:53,1602
1723105257000,1399000,2024-08-08 08:20:57,1603
1723191463000,1409000,2024-08-09 08:17:43,1604
1723278672000,1401000,2024-08-10 08:31:12,1605
1723360897000,1401000,2024-08-11 07:21:37,1606
1723449390000,1401000,2024-08-12 07:56:30,1607
1723537790000,1419000,2024-08-13 08:29:50,1608
1723624490000,1419000,2024-08-14 08:34:50,1609
1723709511000,1414000,2024-08-15 08:11:51,1610
1723796028000,1404000,2024-08-16 08:13:48,1611
1723883024000,1418000,2024-08-17 08:23:44,1612
1723964256000,1418000,2024-08-18 06:57:36,1613
1724054646000,1418000,2024-08-19 08:04:06,1614
1724141606000,1419000,2024-08-20 08:13:26,1615
1724228384000,1415000,2024-08-21 08:19:44,1616
1724313909000,1410000,2024-08-22 08:05:09,1617
1724400140000,1398000,2024-08-23 08:02:20,1618
1724428619000,1411000,2024-08-23 15:56:59,1619
1724487671000,1420000,2024-08-24 08:21:11,1620
1724566537000,1420000,2024-08-25 06:15:37,1621
1724659692000,1420000,2024-08-26 08:08:12,1622
1724746198000,1420000,2024-08-27 08:09:58,1623
1724833701000,1410000,2024-08-28 08:28:21,1624
1724917922000,1412000,2024-08-29 07:52:02,1625
1725006225000,1413000,2024-08-30 08:23:45,1626
1725092498000,1401000,2024-08-31 08:21:38,1627
1725175003000,1401000,2024-09-01 07:16:43,1628
1725265156000,1401000,2024-09-02 08:19:16,1629
1725350668000,1404000,2024-09-03 08:04:28,1630
1725437023000,1406000,2024-09-04 08:03:43,1631
1725523916000,1409000,2024-09-05 08:11:56,1632
1725610097000,1414000,2024-09-06 08:08:17,1633
1725696537000,1405000,2024-09-07 08:08:57,1634
1725778106000,1405000,2024-09-08 06:48:26,1635
1725869161000,1398000,2024-09-09 08:06:01,1636
1725956431000,1399000,2024-09-10 08:20:31,1637
1726042192000,1411000,2024-09-11 08:09:52,1638
1726128568000,1409000,2024-09-12 08:09:28,1639
1726215493000,1429000,2024-09-13 08:18:13,1640
1726301223000,1439000,2024-09-14 08:07:03,1641
1726370857000,1439000,2024-09-15 03:27:37,1642
1726474303000,1443000,2024-09-16 08:11:43,1643
1726561379000,1444000,2024-09-17 08:22:59,1644
1726646935000,1440000,2024-09-18 08:08:55,1645
1726733142000,1430000,2024-09-19 08:05:42,1646
1726819873000,1443000,2024-09-20 08:11:13,1647
1726906213000,1455000,2024-09-21 08:10:13,1648
1726989591000,1455000,2024-09-22 07:19:51,1649
1727077878000,1455000,2024-09-23 07:51:18,1650
1727164270000,1443000,2024-09-24 07:51:10,1651
1727252404000,1463000,2024-09-25 08:20:04,1652
1727338938000,1461000,2024-09-26 08:22:18,1653
1727423900000,1461000,2024-09-27 07:58:20,1654
1727510759000,1461000,2024-09-28 08:05:59,1655
1727594096000,1461000,2024-09-29 07:14:56,1656
1727683490000,1464000,2024-09-30 08:04:50,1657
1727770227000,1452000,2024-10-01 08:10:27,1658
1727856731000,1464000,2024-10-02 08:12:11,1659
1727942664000,1469000,2024-10-03 08:04:24,1660
1728029331000,1471000,2024-10-04 08:08:51,1661
1728115677000,1482000,2024-10-05 08:07:57,1662
1728192876000,1482000,2024-10-06 05:34:36,1663
1728288654000,1478000,2024-10-07 08:10:54,1664
1728375509000,1481000,2024-10-08 08:18:29,1665
1728404538000,1491000,2024-10-08 16:22:18,1666
1728461387000,1483000,2024-10-09 08:09:47,1667
1728548582000,1473000,2024-10-10 08:23:02,1668
1728635136000,1481000,2024-10-11 08:25:36,1669
1728720783000,1495000,2024-10-12 08:13:03,1670
1728802961000,1495000,2024-10-13 07:02:41,1671
1728893557000,1490000,2024-10-14 08:12:37,1672
1728980079000,1488000,2024-10-15 08:14:39,1673
1729066469000,1491000,2024-10-16 08:14:29,1674
1729152659000,1496000,2024-10-17 08:10:59,1675
1729238946000,1503000,2024-10-18 08:09:06,1676
1729325864000,1514000,2024-10-19 08:17:44,1677
1729409470000,1514000,2024-10-20 07:31:10,1678
1729496842000,1514000,2024-10-21 07:47:22,1679
1729583477000,1510000,2024-10-22 07:51:17,1680
1729670499000,1521000,2024-10-23 08:01:39,1681
1729756601000,1515000,2024-10-24 07:56:41,1682
1729781680000,1529000,2024-10-24 14:54:40,1683
1729805293000,1515000,2024-10-24 21:28:13,1684
1729806173000,1529000,2024-10-24 21:42:53,1685
1729844232000,1529000,2024-10-25 08:17:12,1686
1729929606000,1534000,2024-10-26 08:00:06,1687
1729993994000,1534000,2024-10-27 01:53:14,1688
1730102469000,1527000,2024-10-28 08:01:09,1689
1730189361000,1535000,2024-10-29 08:09:21,1690
1730217486000,1548000,2024-10-29 15:58:06,1691
1730235746000,1535000,2024-10-29 21:02:26,1692
1730237648000,1548000,2024-10-29 21:34:08,1693
1730275330000,1560000,2024-10-30 08:02:10,1694
1730362428000,1567000,2024-10-31 08:13:48,1695
1730449015000,1547000,2024-11-01 08:16:55,1696
1730535237000,1539000,2024-11-02 08:13:57,1697
1730618913000,1539000,2024-11-03 07:28:33,1698
1730707482000,1539000,2024-11-04 08:04:42,1699
1730794224000,1539000,2024-11-05 08:10:24,1700
1730880096000,1543000,2024-11-06 08:01:36,1701
1730968335000,1513000,2024-11-07 08:32:15,1702
1731055344000,1527000,2024-11-08 08:42:24,1703
1731138924000,1517000,2024-11-09 07:55:24,1704
1731224835000,1517000,2024-11-10 07:47:15,1705
1731312610000,1517000,2024-11-11 08:10:10,1706
1731399622000,1482000,2024-11-12 08:20:22,1707
1731487202000,1477000,2024-11-13 08:40:02,1708
1731572900000,1466000,2024-11-14 08:28:20,1709
1731661081000,1470000,2024-11-15 08:58:01,1710
1731745356000,1468000,2024-11-16 08:22:36,1711
1731816070000,1468000,2024-11-17 04:01:10,1712
1731919457000,1476000,2024-11-18 08:44:17,1713
1732005209000,1491000,2024-11-19 08:33:29,1714
1732091835000,1498000,2024-11-20 08:37:15,1715
1732178745000,1508000,2024-11-21 08:45:45,1716
1732263879000,1520000,2024-11-22 08:24:39,1717
1732349006000,1541000,2024-11-23 08:03:26,1718
1732432755000,1541000,2024-11-24 07:19:15,1719
1732523731000,1539000,2024-11-25 08:35:31,1720
1732613050000,1499000,2024-11-26 09:24:10,1721
1732694386000,1504000,2024-11-27 07:59:46,1722
1732782643000,1513000,2024-11-28 08:30:43,1723
1732868738000,1508000,2024-11-29 08:25:38,1724
1732954258000,1514000,2024-11-30 08:10:58,1725
1733040425000,1514000,2024-12-01 08:07:05,1726
1733128084000,1509000,2024-12-02 08:28:04,1727
1733215590000,1514000,2024-12-03 08:46:30,1728
1733300252000,1513000,2024-12-04 08:17:32,1729
1733385930000,1522000,2024-12-05 08:05:30,1730
1733472270000,1514000,2024-12-06 08:04:30,1731
1733559305000,1508000,2024-12-07 08:15:05,1732
1733639936000,1508000,2024-12-08 06:38:56,1733
1733734818000,1503000,2024-12-09 09:00:18,1734
1733818625000,1517000,2024-12-10 08:17:05,1735
1733905726000,1534000,2024-12-11 08:28:46,1736
1733990948000,1548000,2024-12-12 08:09:08,1737
1734079708000,1531000,2024-12-13 08:48:28,1738
1734165082000,1517000,2024-12-14 08:31:22,1739
1734241666000,1517000,2024-12-15 05:47:46,1740
1734336954000,1517000,2024-12-16 08:15:54,1741
1734423036000,1520000,2024-12-17 08:10:36,1742
1734509207000,1520000,2024-12-18 08:06:47,1743
1734597187000,1505000,2024-12-19 08:33:07,1744
1734684801000,1515000,2024-12-20 08:53:21,1745
1734768567000,1533000,2024-12-21 08:09:27,1746
1734854055000,1533000,2024-12-22 07:54:15,1747
1734942417000,1533000,2024-12-23 08:26:57,1748
1735029527000,1520000,2024-12-24 08:38:47,1749
1735114799000,1520000,2024-12-25 08:19:59,1750
1735198713000,1520000,2024-12-26 07:38:33,1751
1735287059000,1528000,2024-12-27 08:10:59,1752
1735371446000,1526000,2024-12-28 07:37:26,1753
1735452122000,1526000,2024-12-29 06:02:02,1754
1735546246000,1528000,2024-12-30 08:10:46,1755
1735635139000,1515000,2024-12-31 08:52:19,1756
1735807389000,1524000,2025-01-02 08:43:09,1757
1735892473000,1543000,2025-01-03 08:21:13,1758
1735978838000,1539000,2025-01-04 08:20:38,1759
1736061441000,1539000,2025-01-05 07:17:21,1760
1736151911000,1539000,2025-01-06 08:25:11,1761
1736237126000,1535000,2025-01-07 08:05:26,1762
1736323285000,1541000,2025-01-08 08:01:25,1763
1736410777000,1546000,2025-01-09 08:19:37,1764
1736497087000,1555000,2025-01-10 08:18:07,1765
1736583301000,1568000,2025-01-11 08:15:01,1766
1736664434000,1568000,2025-01-12 06:47:14,1767
1736757307000,1568000,2025-01-13 08:35:07,1768
1736843806000,1560000,2025-01-14 08:36:46,1769
1736928744000,1564000,2025-01-15 08:12:24,1770
1737016586000,1577000,2025-01-16 08:36:26,1771
1737102730000,1594000,2025-01-17 08:32:10,1772
1737187953000,1587000,2025-01-18 08:12:33,1773
1737265082000,1587000,2025-01-19 05:38:02,1774
1737360783000,1585000,2025-01-20 08:13:03,1775
1737447191000,1591000,2025-01-21 08:13:11,1776
1737533936000,1606000,2025-01-22 08:18:56,1777
1737619872000,1607000,2025-01-23 08:11:12,1778
1737706339000,1608000,2025-01-24 08:12:19,1779
1737794124000,1611000,2025-01-25 08:35:24,1780
1737869519000,1611000,2025-01-26 05:31:59,1781
1737965598000,1609000,2025-01-27 08:13:18,1782
1738052361000,1597000,2025-01-28 08:19:21,1783
1738138361000,1607000,2025-01-29 08:12:41,1784
1738223526000,1606000,2025-01-30 07:52:06,1785
1738311161000,1620000,2025-01-31 08:12:41,1786
1738397219000,1624000,2025-02-01 08:06:59,1787
1738480023000,1624000,2025-02-02 07:07:03,1788
1738570547000,1621000,2025-02-03 08:15:47,1789
1738658119000,1650000,2025-02-04 08:35:19,1790
1738743473000,1663000,2025-02-05 08:17:53,1791
1738828915000,1670000,2025-02-06 08:01:55,1792
1738915829000,1660000,2025-02-07 08:10:29,1793
1739000254000,1662000,2025-02-08 07:37:34,1794
1739083695000,1662000,2025-02-09 06:48:15,1795
1739175478000,1667000,2025-02-10 08:17:58,1796
1739262344000,1692000,2025-02-11 08:25:44,1797
1739347552000,1684000,2025-02-12 08:05:52,1798
1739434146000,1692000,2025-02-13 08:09:06,1799
1739520599000,1701000,2025-02-14 08:09:59,1800
1739609151000,1678000,2025-02-15 08:45:51,1801
1739688231000,1678000,2025-02-16 06:43:51,1802
1739781827000,1671000,2025-02-17 08:43:47,1803
1739866812000,1679000,2025-02-18 08:20:12,1804
1739953185000,1691000,2025-02-19 08:19:45,1805
1740040700000,1708000,2025-02-20 08:38:20,1806
1740125557000,1707000,2025-02-21 08:12:37,1807
1740212769000,1704000,2025-02-22 08:26:09,1808
1740298230000,1704000,2025-02-23 08:10:30,1809
1740384183000,1705000,2025-02-24 08:03:03,1810
1740471250000,1707000,2025-02-25 08:14:10,1811
1740556727000,1694000,2025-02-26 07:58:47,1812
1740642668000,1692000,2025-02-27 07:51:08,1813
1740728962000,1678000,2025-02-28 07:49:22,1814
1740816998000,1672000,2025-03-01 08:16:38,1815
1740899244000,1672000,2025-03-02 07:07:24,1816
1740989001000,1679000,2025-03-03 08:03:21,1817
1741075808000,1704000,2025-03-04 08:10:08,1818
1741162188000,1709000,2025-03-05 08:09:48,1819
1741248844000,1706000,2025-03-06 08:14:04,1820
1741335069000,1690000,2025-03-07 08:11:09,1821
1741422441000,1690000,2025-03-08 08:27:21,1822
1741505902000,1690000,2025-03-09 07:38:22,1823
1741594715000,1693000,2025-03-10 08:18:35,1824
1741680491000,1679000,2025-03-11 08:08:11,1825
1741768387000,1702000,2025-03-12 08:33:07,1826
1741853651000,1714000,2025-03-13 08:14:11,1827
1741939773000,1742000,2025-03-14 08:09:33,1828
1742026986000,1739000,2025-03-15 08:23:06,1829
1742109519000,1739000,2025-03-16 07:18:39,1830
1742199063000,1741000,2025-03-17 08:11:03,1831
1742285078000,1745000,2025-03-18 08:04:38,1832
1742370577000,1759000,2025-03-19 07:49:37,1833
1742457056000,1774000,2025-03-20 07:50:56,1834
1742544581000,1779000,2025-03-21 08:09:41,1835
1742629018000,1764000,2025-03-22 07:36:58,1836
1742707123000,1764000,2025-03-23 05:18:43,1837
1742802520000,1765000,2025-03-24 07:48:40,1838
1742889167000,1759000,2025-03-25 07:52:47,1839
1742976960000,1769000,2025-03-26 08:16:00,1840
1743063218000,1776000,2025-03-27 08:13:38,1841
1743151043000,1792000,2025-03-28 08:37:23,1842
1743239081000,1806000,2025-03-29 09:04:41,1843
1743320977000,1806000,2025-03-30 07:49:37,1844
1743495946000,1826000,2025-04-01 08:25:46,1845
1743581400000,1819000,2025-04-02 08:10:00,1846
1743667170000,1836000,2025-04-03 07:59:30,1847
1743754655000,1819000,2025-04-04 08:17:35,1848
1743841737000,1781000,2025-04-05 08:28:57,1849
1743921727000,1781000,2025-04-06 06:42:07,1850
1744013771000,1758000,2025-04-07 08:16:11,1851
1744101585000,1754000,2025-04-08 08:39:45,1852
1744188115000,1777000,2025-04-09 08:41:55,1853
1744218134000,1812000,2025-04-09 17:02:14,1854
1744274330000,1846000,2025-04-10 08:38:50,1855
1744360729000,1889000,2025-04-11 08:38:49,1856
1744445030000,1904000,2025-04-12 08:03:50,1857
1744528077000,1904000,2025-04-13 07:07:57,1858
1744618147000,1896000,2025-04-14 08:09:07,1859
1744704824000,1896000,2025-04-15 08:13:44,1860
1744791394000,1916000,2025-04-16 08:16:34,1861
1744821261000,1943000,2025-04-16 16:34:21,1862
1744877936000,1975000,2025-04-17 08:18:56,1863
1744963157000,1965000,2025-04-18 07:59:17,1864
1745045874000,1965000,2025-04-19 06:57:54,1865
1745131634000,1965000,2025-04-20 06:47:14,1866
1745223722000,1980000,2025-04-21 08:22:02,1867
1745224242000,1980000,2025-04-21 08:30:42,1868
1745310626000,2016000,2025-04-22 08:30:26,1869
1745343018000,2039000,2025-04-22 17:30:18,1870
1745398513000,1991000,2025-04-23 08:55:13,1871
1745483553000,1969000,2025-04-24 08:32:33,1872
1745568768000,1986000,2025-04-25 08:12:48,1873
1745655308000,1965000,2025-04-26 08:15:08,1874
1745738555000,1965000,2025-04-27 07:22:35,1875
1745829049000,1960000,2025-04-28 08:30:49,1876
1745914849000,1966000,2025-04-29 08:20:49,1877
1746000944000,1965000,2025-04-30 08:15:44,1878
1746087886000,1932000,2025-05-01 08:24:46,1879
1746174137000,1912000,2025-05-02 08:22:17,1880
1746261233000,1902000,2025-05-03 08:33:53,1881
1746346341000,1902000,2025-05-04 08:12:21,1882
1746434270000,1905000,2025-05-05 08:37:50,1883
1746520415000,1931000,2025-05-06 08:33:35,1884
1746606330000,1956000,2025-05-07 08:25:30,1885
1746693037000,1953000,2025-05-08 08:30:37,1886
1746780720000,1926000,2025-05-09 08:52:00,1887
1746784057000,1926000,2025-05-09 09:47:37,1888
1746864945000,1928000,2025-05-10 08:15:45,1889
1746948025000,1928000,2025-05-11 07:20:25,1890
1747038157000,1905000,2025-05-12 08:22:37,1891
1747123261000,1884000,2025-05-13 08:01:01,1892
1747211751000,1886000,2025-05-14 08:35:51,1893
1747298703000,1866000,2025-05-15 08:45:03,1894
1747384047000,1891000,2025-05-16 08:27:27,1895
1747471644000,1871000,2025-05-17 08:47:24,1896
1747557686000,1871000,2025-05-18 08:41:26,1897
1747643943000,1894000,2025-05-19 08:39:03,1898
1747730309000,1871000,2025-05-20 08:38:29,1899
1747817022000,1894000,2025-05-21 08:43:42,1900
1747846807000,1915000,2025-05-21 17:00:07,1901
1747903895000,1923000,2025-05-22 08:51:35,1902
1747988912000,1910000,2025-05-23 08:28:32,1903
1748075485000,1930000,2025-05-24 08:31:25,1904
1748159275000,1930000,2025-05-25 07:47:55,1905
1748248231000,1919000,2025-05-26 08:30:31,1906
1748333845000,1923000,2025-05-27 08:17:25,1907
1748420618000,1895000,2025-05-28 08:23:38,1908
1748507069000,1874000,2025-05-29 08:24:29,1909
1748594302000,1900000,2025-05-30 08:38:22,1910
1748678417000,1888000,2025-05-31 08:00:17,1911
1748765056000,1888000,2025-06-01 08:04:16,1912
1748852490000,1905000,2025-06-02 08:21:30,1913
1748938911000,1940000,2025-06-03 08:21:51,1914
1749025893000,1924000,2025-06-04 08:31:33,1915
1749111648000,1938000,2025-06-05 08:20:48,1916
1749201188000,1929000,2025-06-06 09:13:08,1917
1749283992000,1904000,2025-06-07 08:13:12,1918
1749373701000,1904000,2025-06-08 09:08:21,1919
1749457317000,1904000,2025-06-09 08:21:57,1920
1749544134000,1909000,2025-06-10 08:28:54,1921
1749630552000,1910000,2025-06-11 08:29:12,1922
1749716539000,1928000,2025-06-12 08:22:19,1923
1749801943000,1951000,2025-06-13 08:05:43,1924
1749889009000,1960000,2025-06-14 08:16:49,1925
1749974385000,1960000,2025-06-15 07:59:45,1926
1750062630000,1968000,2025-06-16 08:30:30,1927
1750148726000,1950000,2025-06-17 08:25:26,1928
1750235805000,1943000,2025-06-18 08:36:45,1929
1750321344000,1937000,2025-06-19 08:22:24,1930
1750408256000,1936000,2025-06-20 08:30:56,1931
1750494029000,1942000,2025-06-21 08:20:29,1932
1750585463000,1942000,2025-06-22 09:44:23,1933
1750667219000,1942000,2025-06-23 08:26:59,1934
1750752996000,1932000,2025-06-24 08:16:36,1935
1750839467000,1932000,2025-06-25 08:17:47,1936
1750926265000,1924000,2025-06-26 08:24:25,1937
1751013266000,1907000,2025-06-27 08:34:26,1938
1751099227000,1884000,2025-06-28 08:27:07,1939
1751185544000,1884000,2025-06-29 08:25:44,1940
1751272646000,1880000,2025-06-30 08:37:26,1941
1751357437000,1896000,2025-07-01 08:10:37,1942
1751532058000,1911000,2025-07-03 08:40:58,1943
1751616991000,1907000,2025-07-04 08:16:31,1944
1751704516000,1908000,2025-07-05 08:35:16,1945
1751875858000,1901000,2025-07-07 08:10:58,1946
1751962894000,1906000,2025-07-08 08:21:34,1947
1752048979000,1894000,2025-07-09 08:16:19,1948
1752134665000,1902000,2025-07-10 08:04:25,1949
1752210173000,1902000,2025-07-11 05:02:53,1950
1752221003000,1906000,2025-07-11 08:03:23,1951
1752308644000,1919000,2025-07-12 08:24:04,1952
1752480630000,1924000,2025-07-14 08:10:30,1953
1752568056000,1914000,2025-07-15 08:27:36,1954
1752655161000,1908000,2025-07-16 08:39:21,1955
1752740591000,1919000,2025-07-17 08:23:11,1956
1752827781000,1917000,2025-07-18 08:36:21,1957
1752913277000,1927000,2025-07-19 08:21:17,1958
1753086171000,1927000,2025-07-21 08:22:51,1959
1753172815000,1946000,2025-07-22 08:26:55,1960
1753258514000,1970000,2025-07-23 08:15:14,1961
1753345967000,1945000,2025-07-24 08:32:47,1962
1753431925000,1934000,2025-07-25 08:25:25,1963
1753517618000,1915000,2025-07-26 08:13:38,1964
1753691184000,1914000,2025-07-28 08:26:24,1965
1753775854000,1906000,2025-07-29 07:57:34,1966
1753862673000,1918000,2025-07-30 08:04:33,1967
1753949555000,1901000,2025-07-31 08:12:35,1968
1754035408000,1901000,2025-08-01 08:03:28,1969
1754037115000,1901000,2025-08-01 08:31:55,1970
1754122537000,1948000,2025-08-02 08:15:37,1971
1754122583000,1948000,2025-08-02 08:16:23,1972
1754123675000,1948000,2025-08-02 08:34:35,1973
1754295886000,1946000,2025-08-04 08:24:46,1974
1754295951000,1946000,2025-08-04 08:25:51,1975
1754381278000,1959000,2025-08-05 08:07:58,1976
1754381316000,1959000,2025-08-05 08:08:36,1977
1754468225000,1950000,2025-08-06 08:17:05,1978
1754468665000,1950000,2025-08-06 08:24:25,1979
1754555573000,1943000,2025-08-07 08:32:53,1980
1754555615000,1943000,2025-08-07 08:33:35,1981
1754641296000,1959000,2025-08-08 08:21:36,1982
1754727699000,1951000,2025-08-09 08:21:39,1983
1754727745000,1951000,2025-08-09 08:22:25,1984
1754901256000,1945000,2025-08-11 08:34:16,1985
1754986694000,1924000,2025-08-12 08:18:14,1986
1755074232000,1917000,2025-08-13 08:37:12,1987
1755160312000,1933000,2025-08-14 08:31:52,1988
1755160347000,1933000,2025-08-14 08:32:27,1989
1755246691000,1909000,2025-08-15 08:31:31,1990
1755333084000,1896000,2025-08-16 08:31:24,1991
1755333164000,1896000,2025-08-16 08:32:44,1992
1755506325000,1894000,2025-08-18 08:38:45,1993
1755506397000,1894000,2025-08-18 08:39:57,1994
1755592562000,1897000,2025-08-19 08:36:02,1995
1755592592000,1897000,2025-08-19 08:36:32,1996
1755677702000,1890000,2025-08-20 08:15:02,1997
1755677730000,1890000,2025-08-20 08:15:30,1998
1755763994000,1914000,2025-08-21 08:13:14,1999
1755764023000,1914000,2025-08-21 08:13:43,2000
1755850977000,1916000,2025-08-22 08:22:57,2001
1755938143000,1933000,2025-08-23 08:35:43,2002
1755938175000,1933000,2025-08-23 08:36:15,2003
1756109139000,1929000,2025-08-25 08:05:39,2004
1756195835000,1932000,2025-08-26 08:10:35,2005
1756282461000,1940000,2025-08-27 08:14:21,2006
1756369200000,1944000,2025-08-28 08:20:00,2007
1756455438000,1964000,2025-08-29 08:17:18,2008
1756455487000,1964000,2025-08-29 08:18:07,2009
1756540339000,1980000,2025-08-30 07:52:19,2010
1756540393000,1980000,2025-08-30 07:53:13,2011
1756714312000,1978000,2025-09-01 08:11:52,2012
1756714347000,1978000,2025-09-01 08:12:27,2013
1756746181000,2011000,2025-09-01 17:03:01,2014
1756800390000,2009000,2025-09-02 08:06:30,2015
1756887266000,2035000,2025-09-03 08:14:26,2016
1756974107000,2044000,2025-09-04 08:21:47,2017
1757061611000,2042000,2025-09-05 08:40:11,2018
1757061679000,2042000,2025-09-05 08:41:19,2019
1757061974000,2042000,2025-09-05 08:46:14,2020
1757147632000,2060000,2025-09-06 08:33:52,2021
1757319975000,2060000,2025-09-08 08:26:15,2022
1757405479000,2086000,2025-09-09 08:11:19,2023
1757405529000,2086000,2025-09-09 08:12:09,2024
1757491660000,2074000,2025-09-10 08:07:40,2025
1757579277000,2095000,2025-09-11 08:27:57,2026
1757665117000,2088000,2025-09-12 08:18:37,2027
1757752347000,2095000,2025-09-13 08:32:27,2028
1757925018000,2093000,2025-09-15 08:30:18,2029
1758011022000,2105000,2025-09-16 08:23:42,2030
1758098100000,2115000,2025-09-17 08:35:00,2031
1758183374000,2098000,2025-09-18 08:16:14,2032
1758269612000,2090000,2025-09-19 08:13:32,2033
1758356252000,2122000,2025-09-20 08:17:32,2034
1758528383000,2123000,2025-09-22 08:06:23,2035
1758615383000,2164000,2025-09-23 08:16:23,2036
1758702300000,2174000,2025-09-24 08:25:00,2037
1758789194000,2171000,2025-09-25 08:33:14,2038
1758874069000,2175000,2025-09-26 08:07:49,2039
1758960037000,2191000,2025-09-27 08:00:37,2040
1759133468000,2198000,2025-09-29 08:11:08,2041
1759165369000,2222000,2025-09-29 17:02:49,2042
1759220076000,2234000,2025-09-30 08:14:36,2043
1759306342000,2237000,2025-10-01 08:12:22,2044
1759394004000,2235000,2025-10-02 08:33:24,2045
1759479024000,2235000,2025-10-03 08:10:24,2046
1759566482000,2239000,2025-10-04 08:28:02,2047
1759739006000,2250000,2025-10-06 08:23:26,2048
1759824135000,2284000,2025-10-07 08:02:15,2049
1759911867000,2296000,2025-10-08 08:24:27,2050
1759997682000,2303000,2025-10-09 08:14:42,2051
1760084315000,2294000,2025-10-10 08:18:35,2052
1760172634000,2299000,2025-10-11 08:50:34,2053
1760344109000,2305000,2025-10-13 08:28:29,2054
1760377001000,2331000,2025-10-13 17:36:41,2055
1760430472000,2360000,2025-10-14 08:27:52,2056
1760516430000,2383000,2025-10-15 08:20:30,2057
1760602248000,2407000,2025-10-16 08:10:48,2058
1760690108000,2485000,2025-10-17 08:35:08,2059
1760775458000,2428000,2025-10-18 08:17:38,2060
1760948152000,2415000,2025-10-20 08:15:52,2061
1761033632000,2487000,2025-10-21 08:00:32,2062
1761121998000,2310000,2025-10-22 08:33:18,2063
1761160531000,2337000,2025-10-22 19:15:31,2064
1761208738000,2321000,2025-10-23 08:38:58,2065
1761294938000,2354000,2025-10-24 08:35:38,2066
1761297295000,2354000,2025-10-24 09:14:55,2067
1761381018000,2350000,2025-10-25 08:30:18,2068
1761553744000,2327000,2025-10-27 08:29:04,2069
1761638838000,2282000,2025-10-28 08:07:18,2070
1761725925000,2267000,2025-10-29 08:18:45,2071
1761812726000,2263000,2025-10-30 08:25:26,2072
1761899555000,2305000,2025-10-31 08:32:35,2073
1761985148000,2290000,2025-11-01 08:19:08,2074
1762158869000,2278000,2025-11-03 08:34:29,2075
1762160745000,2278000,2025-11-03 09:05:45,2076
1762244754000,2286000,2025-11-04 08:25:54,2077
1762331555000,2260000,2025-11-05 08:32:35,2078
1762417831000,2287000,2025-11-06 08:30:31,2079
1762419754000,2287000,2025-11-06 09:02:34,2080
1762504223000,2296000,2025-11-07 08:30:23,2081
1762589522000,2299000,2025-11-08 08:12:02,2082
1762762489000,2307000,2025-11-10 08:14:49,2083
1762794719000,2333000,2025-11-10 17:11:59,2084
1762811300000,2333000,2025-11-10 21:48:20,2085
1762849887000,2360000,2025-11-11 08:31:27,2086
1762937682000,2367000,2025-11-12 08:54:42,2087
1763023541000,2396000,2025-11-13 08:45:41,2088
1763023951000,2396000,2025-11-13 08:52:31,2089
1763109297000,2398000,2025-11-14 08:34:57,2090
1763109298000,2398000,2025-11-14 08:34:58,2091
1763109900000,2398000,2025-11-14 08:45:00,2092
1763196205000,2348000,2025-11-15 08:43:25,2093
1763196206000,2348000,2025-11-15 08:43:26,2094
1763196300000,2348000,2025-11-15 08:45:00,2095
1763367540000,2351000,2025-11-17 08:19:00,2096
1763367554000,2351000,2025-11-17 08:19:14,2097
1763367570000,2351000,2025-11-17 08:19:30,2098
1763367614000,2351000,2025-11-17 08:20:14,2099
1763454309000,2322000,2025-11-18 08:25:09,2100
1763454310000,2322000,2025-11-18 08:25:10,2101
1763454311000,2322000,2025-11-18 08:25:11,2102
1763541343000,2343000,2025-11-19 08:35:43,2103
1763628635000,2364000,2025-11-20 08:50:35,2104
